DeveloperName__c,Id,Name,NovaId__c,OW_group_company__c,OW_own_company__c,PartnerCompany__c,ProtectionPartner__c,ReferenceName__c
ABBEY_LIFE,a264J000001QEVcQAO,Abbey Life,a264J000001QEVcQAO,false,false,false,false,
ABERDEEN_ASIA_INVESTMENTS,a264J000001QEVdQAO,Aberdeen Asia Investments,a264J000001QEVdQAO,false,false,false,false,
ABERDEEN_GLOBAL_SERVICES_SA,a264J000001QEVeQAO,Aberdeen Global Services S.A.,a264J000001QEVeQAO,false,false,false,false,
ABN_AMRO_CHANNEL_ISLANDS,a264J000001QEVfQAO,ABN AMRO (Channel Islands),a264J000001QEVfQAO,false,false,false,false,
ACCENTURE__WILLIS_TOWERS_WATSON,a264J000001QEVgQAO,Accenture - Willis Towers Watson,a264J000001QEVgQAO,false,false,false,false,
AEGON,a264J000001QEVhQAO,Aegon,a264J000001QEVhQAO,false,false,false,false,
AEGON_SCOTTISH_EQUITABLE,a264J000001QEViQAO,Aegon (Scottish Equitable),a264J000001QEViQAO,false,false,false,false,
AIG_LIFE_LIMITED,a264J000001QEVjQAO,AIG Life Limited,a264J000001QEVjQAO,false,false,false,false,
AJ_BELL_INVESTCENTRE,a264J000001QEVkQAO,AJ Bell Investcentre,a264J000001QEVkQAO,false,false,false,false,
AJ_BELL_PLATINUM,a264J000001QEVlQAO,AJ Bell Platinum,a264J000001QEVlQAO,false,false,false,false,
AJ_BELL_YOUINVEST,a264J000001QEVmQAO,AJ Bell Youinvest,a264J000001QEVmQAO,false,false,false,false,
ALBERT_E_SHARP,a264J000001QEVnQAO,Albert E Sharp,a264J000001QEVnQAO,false,false,false,false,
ALBION_CAPITAL,a264J000001QEVoQAO,Albion Capital,a264J000001QEVoQAO,false,false,false,false,
ALDERMORE_BANK,a264J000001QEVpQAO,Aldermore Bank,a264J000001QEVpQAO,false,false,false,false,
ALLIANCE_TRUST_SAVINGS,a264J000001QEVqQAO,Alliance Trust Savings,a264J000001QEVqQAO,false,false,false,false,
AON,a264J000001QEVrQAO,AON,a264J000001QEVrQAO,false,false,false,false,
ARUP_RPMI,a264J000001QEVsQAO,Arup (RPMI),a264J000001QEVsQAO,false,false,false,false,
ASCENTRIC,a264J000001QEVtQAO,Ascentric,a264J000001QEVtQAO,false,false,false,false,
ASSETZ_CAPITAL,a264J000001QEVuQAO,Assetz Capital,a264J000001QEVuQAO,false,false,false,false,
AVIVA,a264J000001QEVvQAO,Aviva,a264J000001QEVvQAO,false,false,false,true,AVIVA
AVIVA_FRIENDS_LIFE,a264J000001QEVwQAO,Aviva (Friends Life),a264J000001QEVwQAO,false,false,false,false,
AVIVA_MY_MONEY,a264J000001QEVxQAO,Aviva My Money,a264J000001QEVxQAO,false,false,false,false,
AXA,a264J000001QEVyQAO,AXA,a264J000001QEVyQAO,false,false,false,false,
BAA_EQUINITY,a264J000001QEVzQAO,BAA (Equinity),a264J000001QEVzQAO,false,false,false,false,
BANK_OF_CYPRUS,a264J000001QEW0QAO,Bank of Cyprus,a264J000001QEW0QAO,false,false,false,false,
BARCLAYS,a264J000001QEW1QAO,Barclays,a264J000001QEW1QAO,false,false,false,false,
BARCLAYS_SMART_INVESTOR,a264J000001QEW2QAO,Barclays Smart Investor,a264J000001QEW2QAO,false,false,false,false,
BARNETT_WADDINGHAM,a264J000001QEW3QAO,Barnett Waddingham,a264J000001QEW3QAO,false,false,false,false,
BEAGLE_STREET,a264J000001QEW4QAO,Beagle Street,a264J000001QEW4QAO,false,false,false,false,
BLACKROCK,a264J000001QEW5QAO,BlackRock,a264J000001QEW5QAO,false,false,false,false,
BMO_GLOBAL_ASSET_MANAGEMENT,a264J000001QEW6QAO,BMO Global Asset Management,a264J000001QEW6QAO,false,false,false,false,
BNP_PARIBAS,a264J000001QEW7QAO,BNP Paribas,a264J000001QEW7QAO,false,false,false,false,
BREWIN_DOLPHIN,a264J000001QEW8QAO,Brewin Dolphin,a264J000001QEW8QAO,false,false,false,false,
BRITISH_ARMY__AFPS,a264J000001QEW9QAO,British Army - AFPS,a264J000001QEW9QAO,false,false,false,false,
CANADA_LIFE,a264J000001QEWAQA4,Canada Life,a264J000001QEWAQA4,false,false,false,false,
CAPITA,a264J000001QEWBQA4,Capita,a264J000001QEWBQA4,false,false,false,false,
CAZENOVE_CAPITAL,a264J000001QEWCQA4,Cazenove Capital,a264J000001QEWCQA4,false,false,false,false,
CHARLES_SCHWAB_INTERNATIONAL,a264J000001QEWDQA4,Charles Schwab International,a264J000001QEWDQA4,false,false,false,false,
CHARLES_SCHWAB_UK,a264J000001QEWEQA4,Charles Schwab UK,a264J000001QEWEQA4,false,false,false,false,
CHARLES_STANLEY,a264J000001QEWFQA4,Charles Stanley,a264J000001QEWFQA4,false,false,false,false,
CHELSEA_BUILDING_SOCIETY,a264J000001QEWGQA4,Chelsea Building Society,a264J000001QEWGQA4,false,false,false,false,
CHILDRENS_ISA,a264J000001QEWHQA4,Children's ISA,a264J000001QEWHQA4,false,false,false,false,
CHURCH_HOUSE_INVESTMENTS,a264J000001QEWIQA4,Church House Investments,a264J000001QEWIQA4,false,false,false,false,
CITI_GROUP_WILLIS_TOWERS_WATSON,a264J000001QEWJQA4,Citi Group (Willis Towers Watson),a264J000001QEWJQA4,false,false,false,false,
CIVIL_SERVICE_PENSION,a264J000001QEWKQA4,Civil Service Pension,a264J000001QEWKQA4,false,false,false,false,
CLERICAL_MEDICAL,a264J000001QEWLQA4,Clerical Medical,a264J000001QEWLQA4,false,false,false,false,
COLUMBIA_THREADNEEDLE,a264J000001QEWMQA4,Columbia Threadneedle,a264J000001QEWMQA4,false,false,false,false,
COMET_PENSION_SCHEME_PS_ADMINISTRATION_LTD,a264J000001QEWNQA4,Comet Pension Scheme (PS Administration Ltd),a264J000001QEWNQA4,false,false,false,false,
COMPUTERSHARE,a264J000001QEWOQA4,Computershare,a264J000001QEWOQA4,false,false,false,false,
COUNTRYWIDE_ASSURED,a264J000001QEWPQA4,Countrywide Assured,a264J000001QEWPQA4,false,false,false,false,
COUPLAND_CARDIFF_ASSET_MANAGEMENT_LLP,a264J000001QEWQQA4,Coupland Cardiff Asset Management LLP,a264J000001QEWQQA4,false,false,false,false,
COVENTRY_BUILDING_SOCIETY,a264J000001QEWRQA4,Coventry Building Society,a264J000001QEWRQA4,false,false,false,false,
CREDIT_SUISSE,a264J000001QEWSQA4,Credit Suisse,a264J000001QEWSQA4,false,false,false,false,
CURTIS_BANKS,a264J000001QEWTQA4,Curtis Banks,a264J000001QEWTQA4,false,false,true,false,CB
CURTIS_BANKS_DUNDEE,a264J000001QEWUQA4,Curtis Banks (Dundee),a264J000001QEWUQA4,false,false,false,false,
DE_GIRO,a264J000001QEWVQA4,De Giro,a264J000001QEWVQA4,false,false,false,false,
EBS_PENSIONS_LIMITED,a264J000001QEWWQA4,EBS Pensions Limited,a264J000001QEWWQA4,false,false,false,false,
EQUINITI,a264J000001QEWXQA4,Equiniti,a264J000001QEWXQA4,false,false,false,false,
EQUINITI_HEWLETT_PACKARD,a264J000001QEWYQA4,Equiniti (Hewlett Packard),a264J000001QEWYQA4,false,false,false,false,
EQUINITI_SMITH__NEPHEW,a264J000001QEWZQA4,Equiniti Smith & Nephew,a264J000001QEWZQA4,false,false,false,false,
EQUIOM_GUERNSEY,a264J000001QEWaQAO,Equiom Guernsey,a264J000001QEWaQAO,false,false,false,false,
EQUITABLE_LIFE4,a264J000001QEWbQAO,Equitable Life,a264J000001QEWbQAO,false,false,false,false,
EQUITABLE_LIFE_WILLIS_TOWERS_WATSON,a264J000001QEWcQAO,Equitable Life (Willis Towers Watson),a264J000001QEWcQAO,false,false,false,false,
EUROPE_ARAB_BANK_JLT_BENEFITS_SOLUTIONS,a264J000001QEWdQAO,Europe Arab Bank (JLT Benefits Solutions),a264J000001QEWdQAO,false,false,false,false,
FIDELITY,a264J000001QEWeQAO,Fidelity,a264J000001QEWeQAO,false,false,false,false,
FIRST_DIRECT,a264J000001QEWfQAO,First Direct,a264J000001QEWfQAO,false,false,false,false,
FISHER_INVESTMENTS,a264J000001QEWgQAO,Fisher Investments,a264J000001QEWgQAO,false,false,false,false,
FORESIGHT,a264J000001QEWhQAO,Foresight,a264J000001QEWhQAO,false,false,false,false,
FORESTERS_FINANCIAL,a264J000001QEWiQAO,Foresters Financial,a264J000001QEWiQAO,false,false,false,false,
FRIENDS_PROVIDENT_INTERNATIONAL,a264J000001QEWjQAO,Friends Provident International,a264J000001QEWjQAO,false,false,false,false,
FUNDING_CIRCLE,a264J000001QEWkQAO,Funding Circle,a264J000001QEWkQAO,false,false,false,false,
FUND_PARTNERS,a264J000001QEWlQAO,Fund Partners,a264J000001QEWlQAO,false,false,false,false,
FUNDSMITH_LLP,a264J000001QEWmQAO,Fundsmith LLP,a264J000001QEWmQAO,false,false,false,false,
GATWICK_AIRPORT,a264J000001QEWnQAO,Gatwick Airport,a264J000001QEWnQAO,false,false,false,false,
GOLDMAN_SACHS_AON,a264J000001QEWoQAO,Goldman Sachs (Aon),a264J000001QEWoQAO,false,false,false,false,
GOLDMAN_SACHS_WILLIS_TOWERS_WATSON,a264J000001QEWpQAO,Goldman Sachs (Willis Towers Watson),a264J000001QEWpQAO,false,false,false,false,
GREATER_MANCHESTER_PENSION_FUND,a264J000001QEWqQAO,Greater Manchester Pension Fund,a264J000001QEWqQAO,false,false,false,false,
HALIFAX,a264J000001QEWrQAO,Halifax,a264J000001QEWrQAO,false,false,false,false,
HALIFAX_FINANCIAL_SERVICES,a264J000001QEWsQAO,Halifax Financial Services,a264J000001QEWsQAO,false,false,false,false,
HARGREAVES_LANSDOWN,a264J000001QEWtQAO,Hargreaves Lansdown,a264J000001QEWtQAO,false,false,false,false,
HARRODS,a264J000001QEWuQAO,Harrods,a264J000001QEWuQAO,false,false,false,false,
HBOS_WILLIS_TOWERS_WATSON,a264J000001QEWvQAO,HBOS (Willis Towers Watson),a264J000001QEWvQAO,false,false,false,false,
HEWLETT_PACKARD,a264J000001QEWwQAO,Hewlett Packard,a264J000001QEWwQAO,false,false,false,false,
HOME_RETAIL_GROUP_JLT_BENEFIT_SOLUTIONS,a264J000001QEWxQAO,Home Retail Group (JLT Benefit Solutions),a264J000001QEWxQAO,false,false,false,false,
HSBC,a264J000001QEWyQAO,HSBC,a264J000001QEWyQAO,false,false,false,false,
HSBC_EMPLOYEE_SCHEME_WILLIS_TOWERS_WATSON,a264J000001QEWzQAO,HSBC Employee Scheme (Willis Towers Watson),a264J000001QEWzQAO,false,false,false,false,
HSBC_INVESTMENTS,a264J000001QEX0QAO,HSBC Investments,a264J000001QEX0QAO,false,false,false,false,
HUME_GLOBAL_INVESTORS_PCC_LIMITED,a264J000001QEX1QAO,Hume global Investors PCC Limited,a264J000001QEX1QAO,false,false,false,false,
INTERACTIVE_BROKERS,a264J000001QEX2QAO,Interactive Brokers,a264J000001QEX2QAO,false,false,false,false,
INTERACTIVE_INVESTOR,a264J000001QEX3QAO,Interactive Investor,a264J000001QEX3QAO,false,false,false,false,
INVESCO_PERPETUAL,a264J000001QEX4QAO,Invesco Perpetual,a264J000001QEX4QAO,false,false,false,false,
JP_MORGAN_ASSET_MANAGEMENT_DST,a264J000001QEX5QAO,J.P. Morgan Asset Management (DST),a264J000001QEX5QAO,false,false,false,false,
JAMES_HAY,a264J000001QEX6QAO,James Hay,a264J000001QEX6QAO,false,false,false,false,
JANUS_HENDERSON_INVESTORS,a264J000001QEX7QAO,Janus Henderson Investors,a264J000001QEX7QAO,false,false,false,false,
JOHN_LAING,a264J000001QEX8QAO,John Laing,a264J000001QEX8QAO,false,false,false,false,
JOHN_LEWIS_PARTNERSHIP,a264J000001QEX9QAO,John Lewis Partnership,a264J000001QEX9QAO,false,false,false,false,
JP_MORGAN,a264J000001QEXAQA4,JP Morgan,a264J000001QEXAQA4,false,false,false,false,
JUPITER_INVESTMENTS,a264J000001QEXBQA4,Jupiter Investments,a264J000001QEXBQA4,false,false,false,false,
JUST,a264J000001QEXCQA4,Just,a264J000001QEXCQA4,false,false,false,false,
KILLIK__CO,a264J000001QEXDQA4,Killik & Co,a264J000001QEXDQA4,false,false,false,false,
KINGFISHER,a264J000001QEXEQA4,Kingfisher,a264J000001QEXEQA4,false,false,false,false,
LEGAL__GENERAL,a264J000001QEXFQA4,Legal & General,a264J000001QEXFQA4,false,false,false,false,
LIFESIGHT_WTW,a264J000001QEXGQA4,Lifesight (WTW),a264J000001QEXGQA4,false,false,false,false,
LLOYDS_BANK,a264J000001QEXHQA4,Lloyds Bank,a264J000001QEXHQA4,false,false,false,false,
LLOYDS_BANKING_GROUP,a264J000001QEXIQA4,Lloyds Banking Group,a264J000001QEXIQA4,false,false,false,false,
LLOYDS_PRIVATE_BANKING,a264J000001QEXJQA4,Lloyds Private Banking,a264J000001QEXJQA4,false,false,false,false,
LOANPAD,a264J000001QEXKQA4,Loanpad,a264J000001QEXKQA4,false,false,false,false,
LV_EQUALS_,a264J000001QEXLQA4,LV=,a264J000001QEXLQA4,false,false,false,false,
MG_INVESTMENTS,a264J000001QEXMQA4,M&G Investments,a264J000001QEXMQA4,false,false,false,false,
MS,a264J000001QEXNQA4,M&S,a264J000001QEXNQA4,false,false,false,false,
MERCER,a264J000001QEXOQA4,Mercer,a264J000001QEXOQA4,false,false,false,false,
MERCER_JDE,a264J000001QEXPQA4,Mercer (JDE),a264J000001QEXPQA4,false,false,false,false,
MERCER_SMITH__NEPHEW_UK,a264J000001QEXQQA4,Mercer (Smith & Nephew UK),a264J000001QEXQQA4,false,false,false,false,
MMC_UK_PENSION_FUND,a264J000001QEXRQA4,MMC UK Pension Fund,a264J000001QEXRQA4,false,false,false,false,
MONEYBOX,a264J000001QEXSQA4,Moneybox,a264J000001QEXSQA4,false,false,false,false,
MOTOROLA,a264J000001QEXTQA4,Motorola,a264J000001QEXTQA4,false,false,false,false,
NATIONWIDE,a264J000001QEXUQA4,Nationwide,a264J000001QEXUQA4,false,false,false,false,
NATWEST_RBS,a264J000001QEXVQA4,Natwest (RBS),a264J000001QEXVQA4,false,false,false,false,
NEST,a264J000001QEXWQA4,NEST,a264J000001QEXWQA4,false,false,false,false,
NEWAGE_CUMMINS,a264J000001QEXXQA4,Newage Cummins,a264J000001QEXXQA4,false,false,false,false,
NHS,a264J000001QEXYQA4,NHS,a264J000001QEXYQA4,false,false,false,false,
NOWPENSIONS,a264J000001QEXZQA4,NOW:Pensions,a264J000001QEXZQA4,false,false,false,false,
NUTMEG,a264J000001QEXbQAO,Nutmeg,a264J000001QEXbQAO,false,false,false,false,
OCTOPUS_CASH,a264J000001QEXcQAO,Octopus Cash,a264J000001QEXcQAO,false,false,false,false,
OCTOPUS_CHOICE,a264J000001QEXdQAO,Octopus Choice,a264J000001QEXdQAO,false,false,false,false,
OCTOPUS_INVESTMENTS,a264J000001QEXeQAO,Octopus Investments,a264J000001QEXeQAO,true,false,true,false,OI
NOVA,a264J000001QEXfQAO,NOVA Wealth,a264J000001QEXfQAO,false,true,false,false,NOVA
OLD_MUTUAL_ISLE_OF_MAN,a264J000001QEXgQAO,Old Mutual (Isle of Man),a264J000001QEXgQAO,false,false,false,false,
OLD_MUTUAL_WEALTH,a264J000001QEXhQAO,Old Mutual Wealth,a264J000001QEXhQAO,false,false,false,false,
OMI,a264J000001QEXiQAO,OMI,a264J000001QEXiQAO,false,false,false,false,
ONEFAMILY,a264J000001QEXjQAO,OneFamily,a264J000001QEXjQAO,false,false,false,false,
PARAGON,a264J000001QEXkQAO,Paragon,a264J000001QEXkQAO,false,false,false,false,
PARMENION_CAPITAL_PARTNERS,a264J000001QEXlQAO,Parmenion Capital Partners,a264J000001QEXlQAO,false,false,false,false,
PATRONUS_PARTNERS,a264J000001QEXmQAO,Patronus Partners,a264J000001QEXmQAO,false,false,false,false,
PENINSULA_PENSIONS,a264J000001QEXnQAO,Peninsula Pensions,a264J000001QEXnQAO,false,false,false,false,
PENSIONBEE,a264J000001QEXoQAO,PensionBee,a264J000001QEXoQAO,false,false,false,false,
PEOPLES_PENSION,a264J000001QEXpQAO,Peoples Pension,a264J000001QEXpQAO,false,false,false,false,
PHOENIX_LIFE,a264J000001QEXqQAO,Phoenix Life,a264J000001QEXqQAO,false,false,false,false,
PHOENIX_WEALTH,a264J000001QEXrQAO,Phoenix Wealth,a264J000001QEXrQAO,false,false,false,false,
POST_OFFICE_MONEY,a264J000001QEXsQAO,Post Office Money,a264J000001QEXsQAO,false,false,false,false,
PREMIER_VEOLIA_GROUP,a264J000001QEXtQAO,Premier (Veolia Group),a264J000001QEXtQAO,false,false,false,false,
PREVILABOR,a264J000001QEXuQAO,Previlabor,a264J000001QEXuQAO,false,false,false,false,
PRINCIPALITY,a264J000001QEXvQAO,Principality,a264J000001QEXvQAO,false,false,false,false,
PROCTOR__GAMBLE_PENSION_FUND_CAPITA,a264J000001QEXwQAO,Proctor & Gamble Pension Fund (Capita),a264J000001QEXwQAO,false,false,false,false,
PRUDENTIAL,a264J000001QEXxQAO,Prudential,a264J000001QEXxQAO,false,false,false,false,
RAILWAYS,a264J000001QEXyQAO,Railways,a264J000001QEXyQAO,false,false,false,false,
RATHBONES,a264J000001QEXzQAO,Rathbones,a264J000001QEXzQAO,false,false,false,false,
RBC_CEES,a264J000001QEY0QAO,RBC Cees,a264J000001QEY0QAO,false,false,false,false,
RBS_LEGAL__GENERAL,a264J000001QEY1QAO,RBS (Legal & General),a264J000001QEY1QAO,false,false,false,false,
RBS_WILLIS_TOWERS_WATSON,a264J000001QEY2QAO,RBS (Willis Towers Watson),a264J000001QEY2QAO,false,false,false,false,
RBS_CHILD_TRUST_FUNDS,a264J000001QEY3QAO,RBS Child Trust Funds,a264J000001QEY3QAO,false,false,false,false,
RBS_COLLECTIVE_FUND,a264J000001QEY4QAO,RBS Collective Fund,a264J000001QEY4QAO,false,false,false,false,
REASSURE,a264J000001QEY5QAO,ReAssure,a264J000001QEY5QAO,false,false,false,false,
REDMAYNE_BENTLEY,a264J000001QEY6QAO,Redmayne Bentley,a264J000001QEY6QAO,false,false,false,false,
RL360,a264J000001QEY7QAO,RL360,a264J000001QEY7QAO,false,false,true,false,RL360
ROLLSROYCE,a264J000001QEY8QAO,Rolls-Royce,a264J000001QEY8QAO,false,false,false,false,
ROTHESAY_LIFE,a264J000001QEY9QAO,Rothesay Life,a264J000001QEY9QAO,false,false,false,false,
ROTHSCHILD__CO,a264J000001QEYAQA4,Rothschild & Co,a264J000001QEYAQA4,false,false,false,false,
ROWANMOOR,a264J000001QEYBQA4,Rowanmoor,a264J000001QEYBQA4,false,false,false,false,
ROYAL_LONDON,a264J000001QEYCQA4,Royal London,a264J000001QEYCQA4,false,false,false,true,RL
RPMI,a264J000001QEYDQA4,RPMI,a264J000001QEYDQA4,false,false,false,false,
RUFFER,a264J000001QEYEQA4,Ruffer,a264J000001QEYEQA4,false,false,false,false,
SANLAM,a264J000001QEYFQA4,Sanlam,a264J000001QEYFQA4,false,false,false,false,
SANTANDER,a264J000001QEYGQA4,Santander,a264J000001QEYGQA4,false,false,false,false,
SCOTTISH_FRIENDLY_SUNLIFE,a264J000001QEYHQA4,Scottish Friendly (SunLife),a264J000001QEYHQA4,false,false,false,false,
SCOTTISH_PROVIDENT,a264J000001QEYIQA4,Scottish Provident,a264J000001QEYIQA4,false,false,false,false,
SCOTTISH_WIDOWS,a264J000001QEYJQA4,Scottish Widows,a264J000001QEYJQA4,false,false,false,false,
SCOTTISH_WIDOWS_UNIT_TRUST_MANAGERS,a264J000001QEYKQA4,Scottish Widows Unit Trust Managers,a264J000001QEYKQA4,false,false,false,false,
SELFTRADE,a264J000001QEYLQA4,Selftrade,a264J000001QEYLQA4,false,false,false,false,
SEVEN_INVESTMENT_MANAGEMENT,a264J000001QEYMQA4,Seven Investment Management,a264J000001QEYMQA4,false,false,false,false,
SHELL,a264J000001QEYNQA4,Shell,a264J000001QEYNQA4,false,false,false,false,
SHOJIN,a264J000001QEYOQA4,Shojin,a264J000001QEYOQA4,false,false,false,false,
SIPPDEALXTRA,a264J000001QEYPQA4,Sippdealxtra,a264J000001QEYPQA4,false,false,false,false,
SKIPTON,a264J000001QEYQQA4,Skipton,a264J000001QEYQQA4,false,false,false,false,
SMART_PENSION,a264J000001QEYRQA4,Smart Pension,a264J000001QEYRQA4,false,false,false,false,
SMITH__NEPHEW_UK_PENSION_FUND,a264J000001QEYSQA4,Smith & Nephew UK Pension Fund,a264J000001QEYSQA4,false,false,false,false,
SOLIDUS,a264J000001QEYTQA4,Solidus,a264J000001QEYTQA4,false,false,false,false,
SPEIRS__JEFFREY,a264J000001QEYUQA4,Speirs & Jeffrey,a264J000001QEYUQA4,false,false,false,false,
STANDARD_LIFE,a264J000001QEYVQA4,Standard Life,a264J000001QEYVQA4,false,false,false,false,
STANDARD_LIFE_ELEVATE,a264J000001QEYWQA4,Standard Life (Elevate),a264J000001QEYWQA4,false,false,false,false,
STANDARD_LIFE_WRAP,a264J000001QEYXQA4,Standard Life (Wrap),a264J000001QEYXQA4,false,false,false,false,
STERLING,a264J000001QEYYQA4,Sterling,a264J000001QEYYQA4,false,false,false,false,
ST_JAMESS_PLACE,a264J000001QEYZQA4,St James's Place,a264J000001QEYZQA4,false,false,false,false,
SUFFOLK_LIFE,a264J000001QEYaQAO,Suffolk Life,a264J000001QEYaQAO,false,false,false,false,
SUN_LIFE,a264J000001QEYbQAO,Sun Life,a264J000001QEYbQAO,false,false,false,false,
SYNERGY_FINANCIAL,a264J000001QEYcQAO,Synergy Financial,a264J000001QEYcQAO,false,false,false,false,
TEACHERS_PENSIONS,a264J000001QEYdQAO,Teachers' Pensions,a264J000001QEYdQAO,false,false,false,false,
TESCO,a264J000001QEYeQAO,Tesco,a264J000001QEYeQAO,false,false,false,false,
TFL,a264J000001QEYfQAO,TFL,a264J000001QEYfQAO,false,false,false,false,
THE_SHARE_CENTRE,a264J000001QEYgQAO,The Share Centre,a264J000001QEYgQAO,false,false,false,false,
THOMSON_REUTERS_CAPITA,a264J000001QEYhQAO,Thomson Reuters (Capita),a264J000001QEYhQAO,false,false,false,false,
TILNEY,a264J000001QEYiQAO,Tilney,a264J000001QEYiQAO,false,false,false,false,
TOWERS_WATSON,a264J000001QEYjQAO,Towers Watson,a264J000001QEYjQAO,false,false,false,false,
TOWRY,a264J000001QEYkQAO,Towry,a264J000001QEYkQAO,false,false,false,false,
TPT,a264J000001QEYlQAO,TPT,a264J000001QEYlQAO,false,false,false,false,
TRANSACT,a264J000001QEYmQAO,Transact,a264J000001QEYmQAO,false,false,true,false,TRANSACT
TRIODOS_BANK,a264J000001QEYnQAO,Triodos Bank,a264J000001QEYnQAO,false,false,false,false,
UBS_PENSION_SCHEME_WILLIS_TOWERS_WATSON,a264J000001QEYoQAO,UBS Pension Scheme (Willis Towers Watson),a264J000001QEYoQAO,false,false,false,false,
UNUM,a264J000001QEYpQAO,UNUM,a264J000001QEYpQAO,false,false,false,false,
USS,a264J000001QEYqQAO,USS,a264J000001QEYqQAO,false,false,false,false,
UTMOST,a264J000001QEYrQAO,Utmost,a264J000001QEYrQAO,false,false,false,false,
VIRGIN_MONEY,a264J000001QEYsQAO,Virgin Money,a264J000001QEYsQAO,false,false,false,false,
VITALITY,a264J000001QEYtQAO,Vitality,a264J000001QEYtQAO,false,false,false,false,
WEALTHIFY,a264J000001QEYuQAO,Wealthify,a264J000001QEYuQAO,false,false,false,false,
WESLEYAN_ASSURANCE_SOCIETY,a264J000001QEYvQAO,Wesleyan Assurance Society,a264J000001QEYvQAO,false,false,false,false,
WEST_YORKSHIRE_PENSION_FUND,a264J000001QEYwQAO,West Yorkshire Pension Fund,a264J000001QEYwQAO,false,false,false,false,
WILLIS_TOWERS_WATSON,a264J000001QEYxQAO,Willis Towers Watson,a264J000001QEYxQAO,false,false,false,false,
WILLIS_TOWERS_WATSON_BARCLAYS_BANK,a264J000001QEYyQAO,Willis Towers Watson (Barclays Bank),a264J000001QEYyQAO,false,false,false,false,
WILLIS_TOWERS_WATSON_SOCIETE_GENERALE,a264J000001QEYzQAO,Willis Towers Watson (Societe Generale),a264J000001QEYzQAO,false,false,false,false,
WITAN,a264J000001QEZ0QAO,Witan,a264J000001QEZ0QAO,false,false,false,false,
XPS_PENSIONS_GROUP,a264J000001QEZ1QAO,XPS Pensions Group,a264J000001QEZ1QAO,false,false,false,false,
YATES_GROUP_JLT_BENEFIT_SOLUTIONS,a264J000001QEZ2QAO,Yates Group (JLT Benefit Solutions),a264J000001QEZ2QAO,false,false,false,false,
ZURICH,a264J000001QEZ3QAO,Zurich,a264J000001QEZ3QAO,false,false,false,false,
TOTAL_UK_PENSION_BUCK,a264J000001QFpyQAG,Total UK Pension (Buck),a264J000001QFpyQAG,false,false,false,false,
ITV_XPS,a264J000001QGbWQAW,ITV (XPS),a264J000001QGbWQAW,false,false,false,false,
MOBEUS_EQUITY_PARTNERS,a264J000001QH20QAG,Mobeus Equity Partners,a264J000001QH20QAG,false,false,false,false,
OAK_NORTH,a264J000001QH3XQAW,Oak North,a264J000001QH3XQAW,false,false,false,false,
VANGUARD_ASSET_MANAGEMENT,a264J000001QH3cQAG,Vanguard Asset Management,a264J000001QH3cQAG,false,false,false,false,
UNKNOWN,a264J000001QHFtQAO,Unknown,a264J000001QHFtQAO,false,false,false,false,
BNY_MELLON,a264J000001QHmPQAW,BNY Mellon,a264J000001QHmPQAW,false,false,false,false,
WILLIS_TOWERS_WATSON_LV_EQUALS_,a264J000001QHmtQAG,Willis Towers Watson (LV=),a264J000001QHmtQAG,false,false,false,false,
AIG,a264J000001QIcNQAW,AIG,a264J000001QIcNQAW,false,false,false,true,AIG
PUNTER_SOUTHALL,a264J000001QIsJQAW,Punter Southall,a264J000001QIsJQAW,false,false,false,false,
VANGUARD,a264J000001QJJ2QAO,Vanguard,a264J000001QJJ2QAO,false,false,false,false,
BESTINVEST,a264J000001QJMvQAO,Bestinvest,a264J000001QJMvQAO,false,false,false,false,
SCOTTISH_MUTUAL,a264J000001QPsYQAW,Scottish Mutual,a264J000001QPsYQAW,false,false,false,false,
DANSKE_BANK,a264J000001QSg6QAG,Danske Bank,a264J000001QSg6QAG,false,false,false,false,
FRIENDS_LIFE,a264J000001QSgQQAW,Friends Life,a264J000001QSgQQAW,false,false,false,false,
UBS_FINANCIAL_SERVICES_INC,a264J000001QTYhQAO,UBS Financial Services Inc,a264J000001QTYhQAO,false,false,false,false,
COUTTS,a264J000001QXAZQA4,Coutts,a264J000001QXAZQA4,false,false,false,false,
DEAD_HAPPY,a264J000001QXAeQAO,Dead happy,a264J000001QXAeQAO,false,false,false,false,
GENERALI,a264J000001QXAjQAO,Generali,a264J000001QXAjQAO,false,false,false,false,
ARGENTEX,a264J000001QXAoQAO,Argentex,a264J000001QXAoQAO,false,false,false,false,
RIVER__MERCANTILE,a264J000001QXAtQAO,River & Mercantile,a264J000001QXAtQAO,false,false,false,false,
FIRST_ACTUARIAL,a264J000001QXAyQAO,First Actuarial,a264J000001QXAyQAO,false,false,false,false,
JLT,a264J000001QXCBQA4,JLT,a264J000001QXCBQA4,false,false,false,false,
MARCUS,a264J000001Qb3tQAC,Marcus,a264J000001Qb3tQAC,false,false,false,false,
CLYDESDALE_BANK,a264J000001Qb5aQAC,Clydesdale Bank,a264J000001Qb5aQAC,false,false,false,false,
ALLENS_BT_AUSTRALIA,a264J000001ci0aQAA,Allens BT Australia,a264J000001ci0aQAA,false,false,false,false,
MARS,a264J000001ci3yQAA,Mars,a264J000001ci3yQAA,false,false,false,false,
THE_HIDEAWAYS_CLUB,a264J000001ciVQQAY,The Hideaways Club,a264J000001ciVQQAY,false,false,false,false,
ATOM_BANK,a264J000001cifCQAQ,Atom Bank,a264J000001cifCQAQ,false,false,false,false,
TANDEM_BANK,a264J000001cifHQAQ,Tandem Bank,a264J000001cifHQAQ,false,false,false,false,
THE_ONE_ACCOUNT,a264J000001cj5tQAA,The One Account,a264J000001cj5tQAA,false,false,false,false,
MINISTRY_OF_JUSTICE,a264J000001cj6UQAQ,Ministry of Justice,a264J000001cj6UQAQ,false,false,false,false,
CROWN,a264J000001cjGPQAY,Crown,a264J000001cjGPQAY,false,false,false,false,
ABBEY_LIFE1,a264J000001cjGUQAY,Abbey Life,a264J000001cjGUQAY,false,false,false,false,
SHARE_CENTRE,a264J000001ckKUQAY,Share Centre,a264J000001ckKUQAY,false,false,false,false,
VETERANS_UK,a264J000001ckxgQAA,Veterans UK,a264J000001ckxgQAA,false,false,false,false,
IBM_UK_PENSIONS_TRUST_LTD,a264J000001ckydQAA,IBM UK Pensions Trust Ltd,a264J000001ckydQAA,false,false,false,false,
WORK_BENEFIT,a264J000001clrFQAQ,Work Benefit,a264J000001clrFQAQ,false,false,false,false,
OCTOPUS_TITAN,a264J000001cm07QAA,Octopus Titan,a264J000001cm07QAA,false,false,true,false,TITAN
WEALTHSIMPLE,a264J000001cm0HQAQ,Wealthsimple,a264J000001cm0HQAQ,false,false,false,false,
SHOREDITCH_VAPE,a264J000001cm0RQAQ,Shoreditch Vape,a264J000001cm0RQAQ,false,false,false,false,
CONTINUITY_PARTNERS,a264J000001cm0WQAQ,Continuity Partners,a264J000001cm0WQAQ,false,false,false,false,
MONEYWORLD,a264J000001cn43QAA,Moneyworld,a264J000001cn43QAA,false,false,false,false,
NATIONAL_SAVINGS,a264J000001cnYLQAY,National Savings,a264J000001cnYLQAY,false,false,false,false,
LENDLEASE,a264J000001cngyQAA,Lendlease,a264J000001cngyQAA,false,false,false,false,
INTELLIGENT_FINANCE,a264J000001coccQAA,Intelligent Finance,a264J000001coccQAA,false,false,false,false,
BUCK,a264J000001cozCQAQ,Buck,a264J000001cozCQAQ,false,false,false,false,
BUCKINGHAMSHIRE_COUNTY_COUNCIL,a264J000001cq8fQAA,Buckinghamshire County Council,a264J000001cq8fQAA,false,false,false,false,
HYMAN_ROBERTS,a264J000001crICQAY,Hyman Roberts,a264J000001crICQAY,false,false,false,false,
HYMANS_ROBERTSON,a264J000001crIHQAY,Hymans Robertson,a264J000001crIHQAY,false,false,false,false,
AGEAS,a264J000001crYgQAI,Ageas,a264J000001crYgQAI,false,false,false,false,
BRICKLANE_INVESTMENT_SERVICES,a264J000001csWXQAY,Bricklane Investment Services,a264J000001csWXQAY,false,false,false,false,
HODGE_LIFETIME,a264J000001csWhQAI,Hodge Lifetime,a264J000001csWhQAI,false,false,false,false,
BANK_OF_SCOTLAND,a264J000001csfPQAQ,Bank of Scotland,a264J000001csfPQAQ,false,false,false,false,
BUPA,a264J000001ct3IQAQ,Bupa,a264J000001ct3IQAQ,false,false,false,false,
YORKSHIRE_BUILDING_SOCIETY,a264J000001ctmfQAA,Yorkshire Building Society,a264J000001ctmfQAA,false,false,false,false,
CIGNA,a264J000001ctmkQAA,Cigna,a264J000001ctmkQAA,false,false,false,false,
IG,a264J000001cuEQQAY,IG,a264J000001cuEQQAY,false,false,false,false,
TSB,a264J000001cvdUQAQ,TSB,a264J000001cvdUQAQ,false,false,false,false,
ECONOMICAL_INSURANCE,a264J000001cvmRQAQ,Economical Insurance,a264J000001cvmRQAQ,false,false,false,false,
VOLKSWAGEN_GROUP,a264J000001cwbTQAQ,Volkswagen Group,a264J000001cwbTQAQ,false,false,false,false,
LOGICA,a264J000001cwbYQAQ,Logica,a264J000001cwbYQAQ,false,false,false,false,
HAV,a264J000001cwbdQAA,HAV,a264J000001cwbdQAA,false,false,false,false,
LOCKHEED,a264J000001cwbiQAA,Lockheed,a264J000001cwbiQAA,false,false,false,false,
HMG,a264J000001cwbnQAA,HMG,a264J000001cwbnQAA,false,false,false,false,
PACIFICA_GROUP,a264J000001cwuaQAA,Pacifica Group,a264J000001cwuaQAA,false,false,false,false,
NORTH_YORKSHIRE_PENSION_FUND,a264J000001cwzkQAA,North Yorkshire Pension Fund,a264J000001cwzkQAA,false,false,false,false,
NUVOS,a264J000001cxBAQAY,Nuvos,a264J000001cxBAQAY,false,false,false,false,
WPP,a264J000001cxSLQAY,WPP,a264J000001cxSLQAY,false,false,false,false,
CAMBRIDGESHIRE_COUNTY_COUNCIL,a264J000001cxYTQAY,Cambridgeshire County Council,a264J000001cxYTQAY,false,false,false,false,
ROYAL_COUNTY_OF_BERKSHIRE_PENSION_FUND,a264J000001cxZ2QAI,Royal County of Berkshire Pension Fund,a264J000001cxZ2QAI,false,false,false,false,
NETWEALTH,a264J000001cxvuQAA,Netwealth,a264J000001cxvuQAA,false,false,false,false,
RAYMOND_JAMES,a264J000001cxvzQAA,Raymond James,a264J000001cxvzQAA,false,false,false,false,
SCHRODERS,a264J000001cxw4QAA,Schroders,a264J000001cxw4QAA,false,false,false,false,
ZOPA,a264J000001cxw9QAA,Zopa,a264J000001cxw9QAA,false,false,false,false,
JM_FINN,a264J000001cxwEQAQ,JM Finn,a264J000001cxwEQAQ,false,false,false,false,
SMITH__WILLIAMSON,a264J000001cyRZQAY,Smith & Williamson,a264J000001cyRZQAY,false,false,false,false,
METAL_BOX,a264J000001cyReQAI,Metal Box,a264J000001cyReQAI,false,false,false,false,
NESTLE,a264J000001cyVHQAY,Nestle,a264J000001cyVHQAY,false,false,false,false,
LEEDS_BUILDING_SOCIETY,a264J000001cyhLQAQ,Leeds Building Society,a264J000001cyhLQAQ,false,false,false,false,
QUILTER_PLC,a264J000001cyndQAA,Quilter plc,a264J000001cyndQAA,false,false,false,false,
BCV_PENSIONS,a264J000001cys5QAA,BCV Pensions,a264J000001cys5QAA,false,false,false,false,
HISCOX_INSURANCE,a264J000001czXKQAY,Hiscox Insurance,a264J000001czXKQAY,false,false,false,false,
KENT_COUNTY_COUNCIL,a264J000001czXZQAY,Kent County Council,a264J000001czXZQAY,false,false,false,false,
JP_MORGAN_ASSET_MANAGEMENT_WILLIS_TOWERS_WATSON,a264J000001czaiQAA,JP Morgan Asset Management (Willis Towers Watson),a264J000001czaiQAA,false,false,false,false,
LEEDS_LOCAL_AUTHORITY,a264J000001czmYQAQ,Leeds Local Authority,a264J000001czmYQAQ,false,false,false,false,
DARLINGTON_TEACHERS_PENSION,a264J000001czouQAA,Darlington Teachers Pension,a264J000001czouQAA,false,false,false,false,
BAKER_TILLY,a264J000001d05GQAQ,Baker Tilly,a264J000001d05GQAQ,false,false,false,false,
CANCER_RESEARCH,a264J000001d05LQAQ,Cancer Research,a264J000001d05LQAQ,false,false,false,false,
INVESTEC,a264J000001d05MQAQ,Investec,a264J000001d05MQAQ,false,false,false,false,
CLOSE_BROTHERS,a264J000001d05QQAQ,Close Brothers,a264J000001d05QQAQ,false,false,false,false,
CROWDCUBE,a264J000001d08FQAQ,Crowdcube,a264J000001d08FQAQ,false,false,false,false,
SHAWBROOK_BANK,a264J000001d08PQAQ,Shawbrook Bank,a264J000001d08PQAQ,false,false,false,false,
BRITISH_COAL_STAFF_SUPERANNUATION_SCHEME,a264J000001d08UQAQ,British Coal Staff Superannuation Scheme,a264J000001d08UQAQ,false,false,false,false,
MONZO,a264J000001d08oQAA,Monzo,a264J000001d08oQAA,false,false,false,false,
XEROX_PENSION_SCHEMES_BUCK_PENSION,a264J000001d0FcQAI,Xerox Pension Schemes (Buck Pension),a264J000001d0FcQAI,false,false,false,false,
MERRILL_LYNCH,a264J000001d0FhQAI,Merrill Lynch,a264J000001d0FhQAI,false,false,false,false,
MORGAN_STANLEY,a264J000001d0FrQAI,Morgan Stanley,a264J000001d0FrQAI,false,false,false,false,
EMBARK,a264J000001d0FwQAI,Embark,a264J000001d0FwQAI,false,false,false,false,
LV6,a264J000001d0G1QAI,lv,a264J000001d0G1QAI,false,false,false,false,
GCB_PENSION_SCHEME,a264J000001d0RIQAY,GCB Pension Scheme,a264J000001d0RIQAY,false,false,false,false,
UNITED_TRUST_BANK,a264J000001d0XGQAY,United Trust Bank,a264J000001d0XGQAY,false,false,false,false,
FLAGSTONE,a264J000001d0XpQAI,Flagstone,a264J000001d0XpQAI,false,false,false,false,
ARACHNYS,a264J000001d0qMQAQ,Arachnys,a264J000001d0qMQAQ,false,false,false,false,
FORD_MONEY,a264J000001d0sDQAQ,Ford Money,a264J000001d0sDQAQ,false,false,false,false,
LLOYDS_INSURANCE,a264J000001d0sIQAQ,Lloyd's Insurance,a264J000001d0sIQAQ,false,false,false,false,
CREATION_CONSUMER_FINANCE,a264J000001d0u4QAA,Creation Consumer Finance,a264J000001d0u4QAA,false,false,false,false,
THE_PROGRESSIVE,a264J000001d0u9QAA,The progressive,a264J000001d0u9QAA,false,false,false,false,
BIRMINGHAM_MIDSHIRE,a264J000001d0uEQAQ,Birmingham Midshire,a264J000001d0uEQAQ,false,false,false,false,
SIBERITE,a264J000001d0uJQAQ,Siberite,a264J000001d0uJQAQ,false,false,false,false,
WILLIS_TOWERS_WATSON_MARS,a264J000001d0uOQAQ,Willis Towers Watson (Mars),a264J000001d0uOQAQ,false,false,false,false,
EQUITABLE_LIFE,a264J000001d11UQAQ,Equitable Life,a264J000001d11UQAQ,false,false,false,false,
LOCAL_GOVERNMENT_PENSION_SCHEME,a264J000001d11VQAQ,Local Government Pension Scheme,a264J000001d11VQAQ,false,false,false,false,
TEESIDE_PENSION_FUND,a264J000001d11ZQAQ,Teeside Pension Fund,a264J000001d11ZQAQ,false,false,false,false,
RATESETTER,a264J000001d15HQAQ,RateSetter,a264J000001d15HQAQ,false,false,false,false,
METRO_BANK,a264J000001d15MQAQ,Metro Bank,a264J000001d15MQAQ,false,false,false,false,
ASSOCIATED_BRITISH_FOODS,a264J000001d178QAA,Associated British Foods,a264J000001d178QAA,false,false,false,false,
UNILEVER,a264J000001d17DQAQ,Unilever,a264J000001d17DQAQ,false,false,false,false,
IKANO_BANK,a264J000001d17IQAQ,Ikano Bank,a264J000001d17IQAQ,false,false,false,false,
SLAUGHTER__MAY,a264J000001d1IVQAY,Slaughter & May,a264J000001d1IVQAY,false,false,false,false,
MARCUS_GOLDMAN_SACHS,a264J000001d1VQQAY,Marcus (Goldman Sachs),a264J000001d1VQQAY,false,false,false,false,
NATWEST,a264J000001d1XHQAY,NatWest,a264J000001d1XHQAY,false,false,false,false,
STARLING_BANK,a264J000001d1XMQAY,Starling Bank,a264J000001d1XMQAY,false,false,false,false,
GE_PENSION,a264J000001d1auQAA,GE Pension,a264J000001d1auQAA,false,false,false,false,
NUCLEUS,a264J000001d1b4QAA,Nucleus,a264J000001d1b4QAA,false,false,false,false,
KRAKEN,a264J000001d1cqQAA,Kraken,a264J000001d1cqQAA,false,false,false,false,
ETORO,a264J000001d1cvQAA,E-Toro,a264J000001d1cvQAA,false,false,false,false,
REVOLUT,a264J000001d1d0QAA,Revolut,a264J000001d1d0QAA,false,false,false,false,
GARANTI_BANK_TURKEY,a264J000001d1d5QAA,Garanti Bank Turkey,a264J000001d1d5QAA,false,false,false,false,
RABOBANK,a264J000001d3T0QAI,Rabobank,a264J000001d3T0QAI,false,false,false,false,
MERCER_BUNZL_PENSION,a264J000001d3jXQAQ,Mercer (Bunzl pension),a264J000001d3jXQAQ,false,false,false,false,
MNG_DB,a264J000001d3jcQAA,MNG DB,a264J000001d3jcQAA,false,false,false,false,
WHITECHURCH_SECURITIES,a264J000001d40dQAA,Whitechurch Securities,a264J000001d40dQAA,false,false,false,false,
ONEFAMILY7,a264J000001d496QAA,OneFamily,a264J000001d496QAA,false,false,false,false,
FAMILY_OR_PERSONAL_CONNECTION,a264J000001d5cnQAA,Family or Personal Connection,a264J000001d5cnQAA,false,false,false,false,
WILLIS_TOWERS_WATSON_GE_PENSIONS,a264J000001d5tjQAA,Willis Towers Watson (GE Pensions),a264J000001d5tjQAA,false,false,false,false,
TRADING212,a264J000001d7eRQAQ,Trading212,a264J000001d7eRQAQ,false,false,false,false,
AMERICAN_EXPRESS,a264J000001d7eWQAQ,American Express,a264J000001d7eWQAQ,false,false,false,false,
ROYAL_BANK_OF_SCOTLAND_RBS,a264J000001d8TPQAY,Royal Bank of Scotland (RBS),a264J000001d8TPQAY,false,false,false,false,
MORTGAGE_TRUST,a264J000001d8TZQAY,Mortgage Trust,a264J000001d8TZQAY,false,false,false,false,
HITACHI,a264J000001d8kaQAA,Hitachi,a264J000001d8kaQAA,false,false,false,false,
SAXO_BANK,a264J000001d8kfQAA,Saxo Bank,a264J000001d8kfQAA,false,false,false,false,
CENTERSTATE_BANK,a264J000001d8kkQAA,CenterState Bank,a264J000001d8kkQAA,false,false,false,false,
PRECISE,a264J000001d8l9QAA,Precise,a264J000001d8l9QAA,false,false,false,false,
STUDENT_LOANS_COMPANY,a264J000001d91qQAA,Student Loans Company,a264J000001d91qQAA,false,false,false,false,
RCI_BANK,a264J000001d9qeQAA,RCI Bank,a264J000001d9qeQAA,false,false,false,false,
CYNERGY_BANK,a264J000001d9qjQAA,Cynergy Bank,a264J000001d9qjQAA,false,false,false,false,
COOP,a264J000001dAWpQAM,Coop,a264J000001dAWpQAM,false,false,false,false,
LIFE_TENANTS,a264J000001dAfDQAU,Life Tenants,a264J000001dAfDQAU,false,false,false,false,
SWINTON,a264J000001dAwEQAU,Swinton,a264J000001dAwEQAU,false,false,false,false,
OCL,a264J000001dAwJQAU,OCL,a264J000001dAwJQAU,false,false,false,false,
LGT_VESTRA,a264J000001dBLOQA2,LGT Vestra,a264J000001dBLOQA2,false,false,false,false,
MARKS__SPENCER,a264J000001dBLiQAM,Marks & Spencer,a264J000001dBLiQAM,false,false,false,false,
SKANDIA,a264J000001dCrLQAU,Skandia,a264J000001dCrLQAU,false,false,false,false,
BRIGHT_GREY,a264J000001dCrQQAU,Bright Grey,a264J000001dCrQQAU,false,false,false,false,
BMW_FINANCIAL_SERVICES,a264J000001dDGVQA2,BMW Financial Services,a264J000001dDGVQA2,false,false,false,false,
TPT_RETIREMENT_SOLUTIONS,a264J000001dDGaQAM,TPT Retirement Solutions,a264J000001dDGaQAM,false,false,false,false,
AMAZON_CREDIT_CARD,a264J000001dEdBQAU,Amazon Credit Card,a264J000001dEdBQAU,false,false,false,false,
FURNESS_BUILDING_SOCIETY,a264J000001dEdGQAU,Furness Building Society,a264J000001dEdGQAU,false,false,false,false,
CHARTER_SAVING_BANK,a264J000001dFRfQAM,Charter Saving Bank,a264J000001dFRfQAM,false,false,false,false,
DET_NORSKE_VERITAS_PENSION_TRUST,a264J000001dFigQAE,Det Norske Veritas Pension Trust,a264J000001dFigQAE,false,false,false,false,
CRYPTOCURRENCY,a264J000001dFqzQAE,Cryptocurrency,a264J000001dFqzQAE,false,false,false,false,
THE_PEOPLES_PENSION,a264J000001dFr4QAE,The People's Pension,a264J000001dFr4QAE,false,false,false,false,
RES,a264J000001dGGOQA2,RES,a264J000001dGGOQA2,false,false,false,false,
BOOTS,a264J000001dGGTQA2,Boots,a264J000001dGGTQA2,false,false,false,false,
CAR_LOAN,a264J000001dGGYQA2,Car Loan,a264J000001dGGYQA2,false,false,false,false,
INTELLIGENT_PENSIONS,a264J000001dGGdQAM,Intelligent Pensions,a264J000001dGGdQAM,false,false,false,false,
AUDI_FINANCIAL_SERVICES,a264J000001dGPBQA2,Audi Financial Services,a264J000001dGPBQA2,false,false,false,false,
STAGECOACH,a264J000001dGPkQAM,Stagecoach,a264J000001dGPkQAM,false,false,false,false,
C_HOARE__CO,a264J000001dHDfQAM,C Hoare & Co,a264J000001dHDfQAM,false,false,false,false,
COOPERATIVE_BANK,a264J000001dHtCQAU,Co-operative Bank,a264J000001dHtCQAU,false,false,false,false,
PEERTOPEER_LENDING,a264J000001dI24QAE,Peer-to-Peer Lending,a264J000001dI24QAE,false,false,false,false,
IBKR,a264J000001dIR4QAM,IBKR,a264J000001dIR4QAM,false,false,false,false,
HAMPDEN_FX,a264J000001dIREQA2,Hampden FX,a264J000001dIREQA2,false,false,false,false,
CITIBANK,a264J000001dIqJQAU,Citibank,a264J000001dIqJQAU,false,false,false,false,
METLIFE,a264J000001dIqKQAU,Metlife,a264J000001dIqKQAU,false,false,false,false,
CALCULUS_CAPITAL,a264J000001dJGRQA2,Calculus Capital,a264J000001dJGRQA2,false,false,false,false,
DEEPBRIDGE,a264J000001dJGWQA2,Deepbridge,a264J000001dJGWQA2,false,false,false,false,
PROVEN_VCTS,a264J000001dJGbQAM,ProVen VCTs,a264J000001dJGbQAM,false,false,false,false,
MAVEN,a264J000001dJGgQAM,Maven,a264J000001dJGgQAM,false,false,false,false,
DIRECT_EQUITIES,a264J000001dJnzQAE,Direct Equities,a264J000001dJnzQAE,false,false,false,false,
FXCM,a264J000001dJo4QAE,FXCM,a264J000001dJo4QAE,false,false,false,false,
ARMED_FORCES_PENSION,a264J000001dJwcQAE,Armed Forces Pension,a264J000001dJwcQAE,false,false,false,false,
BAE,a264J000001dJwmQAE,BAE,a264J000001dJwmQAE,false,false,false,false,
BABCOCK,a264J000001dJwwQAE,Babcock,a264J000001dJwwQAE,false,false,false,false,
CHELTENHAM__GLOUCESTER,a264J000001dKDnQAM,Cheltenham & Gloucester,a264J000001dKDnQAM,false,false,false,false,
CW,a264J000001dKDsQAM,C&W,a264J000001dKDsQAM,false,false,false,false,
CREATIVE_PENSION_TRUST,a264J000001dKDxQAM,Creative Pension Trust,a264J000001dKDxQAM,false,false,false,false,
EMPOWERED_PENSIONS_LTD,a264J000001dKMLQA2,Empowered Pensions Ltd,a264J000001dKMLQA2,false,false,false,false,
JAGUAR_FINANCE,a264J000001dKlBQAU,Jaguar Finance,a264J000001dKlBQAU,false,false,false,false,
THRIVE_RENEWABLES,a264J000001dKlGQAU,Thrive Renewables,a264J000001dKlGQAU,false,false,false,false,
LLOYDS_OF_LONDON_PENSION_SCHEME,a264J000001dKtoQAE,Lloyd's of London Pension Scheme,a264J000001dKtoQAE,false,false,false,false,
PEPSI_CO,a264J000001dLAaQAM,Pepsi Co,a264J000001dLAaQAM,false,false,false,false,
SAINSBURYS_DB_PENSION,a264J000001dLheQAE,Sainsbury's DB Pension,a264J000001dLheQAE,false,false,false,false,
SAINSBURYS_BANK,a264J000001dM6jQAE,Sainsbury's Bank,a264J000001dM6jQAE,false,false,false,false,
ALLIANCE__LEICESTER,a264J000001dMF2QAM,Alliance & Leicester,a264J000001dMF2QAM,false,false,false,false,
ATLAS,a264J000001dMmGQAU,Atlas,a264J000001dMmGQAU,false,false,false,false,
SWISS_LIFE,a264J000001dMutQAE,Swiss Life,a264J000001dMutQAE,false,false,false,false,
VICSUPER,a264J000001dN3CQAU,VicSuper,a264J000001dN3CQAU,false,false,false,false,
SUNSUPER,a264J000001dN3HQAU,Sunsuper,a264J000001dN3HQAU,false,false,false,false,
PSS,a264J000001dN3IQAU,PSS,a264J000001dN3IQAU,false,false,false,false,
NAB,a264J000001dN3MQAU,NAB,a264J000001dN3MQAU,false,false,false,false,
V12_FINANCE,a264J000001dNBzQAM,V12 Finance,a264J000001dNBzQAM,false,false,false,false,
FAMILY_INVESTMENT_SERVICES,a268e0000004C93AAE,Family Investment Services,a268e0000004C93AAE,false,false,false,false,
MBNA,a268e0000004C98AAE,MBNA,a268e0000004C98AAE,false,false,false,false,
BANK_OF_IRELAND,a268e0000004C9DAAU,Bank of Ireland,a268e0000004C9DAAU,false,false,false,false,
SWANSEA_BUILDING_SOCIETY,a268e0000004C9IAAU,Swansea Building Society,a268e0000004C9IAAU,false,false,false,false,
WILLIS_TOWERS_WATSON_EY,a268e0000004C9NAAU,Willis Towers Watson (EY),a268e0000004C9NAAU,false,false,false,false,
NOMURA_COMPANY_SCHEME,a268e0000004C9SAAU,Nomura Company Scheme,a268e0000004C9SAAU,false,false,false,false,
PWC_COMPANY_SCHEME,a268e0000004C9XAAU,PWC Company Scheme,a268e0000004C9XAAU,false,false,false,false,
WESTERBY_TRUSTEE_SERVICES,a268e0000004C9cAAE,Westerby Trustee Services,a268e0000004C9cAAE,false,false,false,false,
TESLA_FINANCE,a268e0000004C9hAAE,Tesla Finance,a268e0000004C9hAAE,false,false,false,false,
MCALPINE_PENSION_PLAN,a268e0000004C9mAAE,McAlpine Pension Plan,a268e0000004C9mAAE,false,false,false,false,
GIB_GROUP,a268e0000004C9rAAE,GIB Group,a268e0000004C9rAAE,false,false,false,false,
FIRST_NATIONAL_BANK_SOUTH_AFRICA,a268e0000004C9wAAE,First National Bank (South Africa),a268e0000004C9wAAE,false,false,false,false,
KRAFT_HEINZ_PENSION_SCHEME,a268e0000004CA1AAM,Kraft Heinz Pension Scheme,a268e0000004CA1AAM,false,false,false,false,
TOYOTA_FINANCIAL_SERVICES,a268e0000004CAaAAM,Toyota Financial Services,a268e0000004CAaAAM,false,false,false,false,
FC,a268e0000004CAfAAM,F&C,a268e0000004CAfAAM,false,false,false,false,
LV,a268e0000004CAuAAM,LV,a268e0000004CAuAAM,false,false,false,true,LV
LIVERPOOL_VICTORIA,a268e0000004CAvAAM,Liverpool Victoria,a268e0000004CAvAAM,false,false,false,false,
IP_GLOBAL_LTD,a268e0000004CAzAAM,IP Global Ltd,a268e0000004CAzAAM,false,false,false,false,
JPD_CAPITAL,a268e0000004CB4AAM,JPD Capital,a268e0000004CB4AAM,false,false,false,false,
BEEHIVE,a268e0000004CB9AAM,Beehive,a268e0000004CB9AAM,false,false,false,false,
FREE_TRADE,a268e0000004CBEAA2,Freetrade,a268e0000004CBEAA2,false,false,false,false,FREE_TRADE
KPMG,a268e0000004CBJAA2,KPMG,a268e0000004CBJAA2,false,false,false,false,
PLATFORM,a268e0000004CBOAA2,Platform,a268e0000004CBOAA2,false,false,false,false,
BANK_HAPOALIM,a268e0000004CBTAA2,Bank Hapoalim,a268e0000004CBTAA2,false,false,false,false,
NEWBURY_BUILDING_SOCIETY,a268e0000004CBdAAM,Newbury Building Society,a268e0000004CBdAAM,false,false,false,false,
JUDICIAL_PENSION_SCHEME,a268e0000004CBeAAM,Judicial Pension Scheme,a268e0000004CBeAAM,false,false,false,false,
AWE_PLC_SCHEME,a268e0000004CBiAAM,AWE plc Scheme,a268e0000004CBiAAM,false,false,false,false,
WEALTH_CLUB,a268e0000004CBnAAM,Wealth Club,a268e0000004CBnAAM,false,false,false,false,
HANDELSBANKEN,a268e0000004CBsAAM,Handelsbanken,a268e0000004CBsAAM,false,false,false,false,
CAPGEMINI_UK_PENSION_PLAN,a268e0000004CBxAAM,Capgemini UK Pension Plan,a268e0000004CBxAAM,false,false,false,false,
GATEHOUSE_BANK,a268e0000004CC2AAM,Gatehouse Bank,a268e0000004CC2AAM,false,false,false,false,
MONMOUTHSHIRE,a268e0000004CC7AAM,Monmouthshire,a268e0000004CC7AAM,false,false,false,false,
AMICUS_WEALTH,a268e0000004CCCAA2,Amicus Wealth,a268e0000004CCCAA2,false,false,false,false,
CHIP_FINANCIAL,a268e0000004CCHAA2,Chip Financial,a268e0000004CCHAA2,false,false,false,false,
BLUE_INTERNATIONAL,a268e0000004CCMAA2,Blue International,a268e0000004CCMAA2,false,false,false,false,
SKY_MEDICAL_TECHNOLOGY,a268e0000004CCRAA2,Sky Medical Technology,a268e0000004CCRAA2,false,false,false,false,
BARONSMEAD_VENTURE_TRUST,a268e0000004CCWAA2,Baronsmead Venture Trust,a268e0000004CCWAA2,false,false,false,false,
DATASTAX_EQUITY,a268e0000004CCbAAM,DataStax Equity,a268e0000004CCbAAM,false,false,false,false,
CITI_GROUP,a268e0000004CCgAAM,Citi Group,a268e0000004CCgAAM,false,false,false,false,
CADBURY_MONDELEZ_PENSION_FUND,a268e0000004CD5AAM,Cadbury Mondelez Pension Fund,a268e0000004CD5AAM,false,false,false,false,
ACCORD_MORTGAGES,a268e0000004CDAAA2,Accord Mortgages,a268e0000004CDAAA2,false,false,false,false,
MONEYFARM_UK,a268e0000004CDFAA2,Moneyfarm UK,a268e0000004CDFAA2,false,false,false,false,
ULSTER_BANK,a268e0000004CDKAA2,Ulster Bank,a268e0000004CDKAA2,false,false,false,false,
AUSTRALIA_SUPERANNUATION_SCHEME,a268e0000004CDPAA2,Australia Superannuation Scheme,a268e0000004CDPAA2,false,false,false,false,
JARVIS_XO,a268e0000004CDUAA2,Jarvis X-O,a268e0000004CDUAA2,false,false,false,false,
THE_MORTGAGE_WORKS,a268e0000004CDZAA2,The Mortgage Works,a268e0000004CDZAA2,false,false,false,false,
CHURCH_OF_ENGLAND,a268e0000004CDeAAM,Church of England,a268e0000004CDeAAM,false,false,false,false,
DXC_TECHNOLOGY_PENSION_PLAN,a268e0000004CDjAAM,DXC Technology Pension Plan,a268e0000004CDjAAM,false,false,false,false,
TIPTON_AND_COSELEY_BUILDING_SOCIETY,a268e0000004CDoAAM,Tipton and Coseley Building Society,a268e0000004CDoAAM,false,false,false,false,
SEEDRS,a268e0000004CDtAAM,Seedrs,a268e0000004CDtAAM,false,false,false,false,
BRITISH_TELECOM,a268e0000004CDyAAM,British Telecom,a268e0000004CDyAAM,false,false,false,false,
CLIFFORD_CHANCE_PENSION_SCHEME,a268e0000004CE3AAM,Clifford Chance Pension Scheme,a268e0000004CE3AAM,false,false,false,false,
CREDIT_UNION,a268e0000004CE4AAM,Credit Union,a268e0000004CE4AAM,false,false,false,false,
LIBERTY_LIFE,a268e0000004CE8AAM,Liberty Life,a268e0000004CE8AAM,false,false,false,false,
ARC_TRUSTEES,a268e0000004CE9AAM,Arc Trustees,a268e0000004CE9AAM,false,false,false,false,
C_H_L_MORTGAGES,a268e0000004CEAAA2,C H L Mortgages,a268e0000004CEAAA2,false,false,false,false,
PPS_SOUTH_AFRICA,a268e0000004CEDAA2,PPS South Africa,a268e0000004CEDAA2,false,false,false,false,
RENDITA_STIFTUNG,a268e0000004CEEAA2,Rendita Stiftung,a268e0000004CEEAA2,false,false,false,false,
GML_MORTGAGES,a268e0000004CEFAA2,GML Mortgages,a268e0000004CEFAA2,false,false,false,false,
CROWD_PROPERTY,a268e0000004CEIAA2,Crowd Property,a268e0000004CEIAA2,false,false,false,false,
MOTONOVO_FINANCE,a268e0000004CENAA2,Motonovo Finance,a268e0000004CENAA2,false,false,false,false,
HONEYWELL_PENSION_SCHEME,a268e0000004CESAA2,Honeywell Pension Scheme,a268e0000004CESAA2,false,false,false,false,
EON_PENSION_SCHEME,a268e0000004CEXAA2,EON Pension Scheme,a268e0000004CEXAA2,false,false,false,false,
READING_COMMUNITY_ENERGY_SOCIETY,a268e0000009dTzAAI,Reading Community Energy Society,a268e0000009dTzAAI,false,false,false,false,
READING_HYDRO_COMMUNITY_BENEFIT_SOCIETY,a268e0000009dU4AAI,Reading Hydro Community Benefit Society,a268e0000009dU4AAI,false,false,false,false,
KROO,a268e0000009dYBAAY,Kroo,a268e0000009dYBAAY,false,false,false,false,
UBL_UK,a268e0000009dZdAAI,UBL UK,a268e0000009dZdAAI,false,false,false,false,
MERCIA_VCT_NOMINEE_LTD,a268e0000009dgzAAA,Mercia VCT Nominee Ltd,a268e0000009dgzAAA,false,false,false,false,
THE_MELTON,a268e0000009f1xAAA,The Melton,a268e0000009f1xAAA,false,false,false,false,
KLARNA,a268e0000009fs7AAA,Klarna,a268e0000009fs7AAA,false,false,false,false,
PEMBROKE_VCT_PLC,a268e0000009gSvAAI,Pembroke VCT plc,a268e0000009gSvAAI,false,false,false,false,
TRADESTATION,a268e0000009hoAAAQ,TradeStation,a268e0000009hoAAAQ,false,false,false,false,
SAFFRON_BUILDING_SOCIETY,a268e0000009i1yAAA,Saffron Building Society,a268e0000009i1yAAA,false,false,false,false,
MARKET_FINANCIAL_SOLUTIONS,a268e0000009j6iAAA,Market Financial Solutions,,false,false,false,false,
RIDER_LEVETT_BUCKNALL_UK_LTD,a268e0000009kG1AAI,Rider Levett Bucknall UK Ltd,,false,false,false,false,
EVOLVE_PENSIONS,a268e0000009l8XAAQ,Evolve Pensions,,false,false,false,false,
PROVIDENT_FINANCIAL,a268e0000009lxIAAQ,Provident financial,,false,false,false,false,
DIAGEO_PLC,a268e0000009mPmAAI,Diageo plc,,false,false,false,false,
AL_RAYAN_BANK,a268e0000009mUcAAI,Al Rayan Bank,,false,false,false,false,
MPOWERED_MORTGAGES,a268e0000009nO7AAI,MPowered Mortgages,,false,false,false,false,
EQUITY_GAP,a268e0000009nO8AAI,Equity Gap,,false,false,false,false,
EQUATE_PLUS,a268e0000009nObAAI,Equate Plus,,false,false,false,false,
BANKINTER,a268e0000009nOgAAI,Bankinter,,false,false,false,false,
CANACCORD_GENUITY_WEALTH_LIMITED,a268e0000009nYcAAI,Canaccord Genuity Wealth Limited,,false,false,false,false,
LOCALEAI,a268e0000009nfUAAQ,Locale.ai,,false,false,false,false,
PAYFLOWS,a268e0000009nfVAAQ,Payflows,,false,false,false,false,
CHRONICLE,a268e0000009nfWAAQ,Chronicle,,false,false,false,false,
NATIONAL_BALLISTICS_INTELLIGENCE_SERVICE,a268e0000009nfZAAQ,National Ballistics Intelligence Service,,false,false,false,false,
CAREERNINJA,a268e0000009nfaAAA,CareerNinja,,false,false,false,false,
BINKS,a268e0000009nfbAAA,Binks,,false,false,false,false,
BRIDGE_INVESTMENT_GROUP,a268e0000009nfeAAA,Bridge Investment Group,,false,false,false,false,
FERMAT_COMMERCE,a268e0000009nffAAA,Fermat Commerce,,false,false,false,false,
THREADO,a268e0000009nfjAAA,Threado,,false,false,false,false,
INSIGHTLY,a268e0000009nfoAAA,Insightly,,false,false,false,false,
FAMPAY,a268e0000009nftAAA,FamPay,,false,false,false,false,
STRIPE,a268e0000009nfuAAA,Stripe,,false,false,false,false,
ENDURALIFE_LETSGOCOVER,a268e000000AH5kAAG,EnduraLife (LetsGoCover),,false,false,false,false,
IBM,a268e000000AHFMAA4,IBM,,false,false,false,false,
TDR_CAPITL,a268e000000GmznAAC,TDR Capitl,a268e000000GmznAAC,false,false,false,false,
TDR_CAPITAL,a268e000000GmzoAAC,TDR Capital,a268e000000GmzoAAC,false,false,false,false,
PGL_PENSION_SCHEME,a268e000000GmzsAAC,PGL Pension Scheme,a268e000000GmzsAAC,false,false,false,false,
JACOBS_DOUWE_EGBET_UK_PENSION_SCHEME,a268e000000GmzxAAC,Jacobs Douwe Egbet UK Pension Scheme,a268e000000GmzxAAC,false,false,false,false,
JACOBS_DOUWE_EGBERT_UK_PENSION_SCHEME,a268e000000GmzyAAC,Jacobs Douwe Egbert UK Pension Scheme,a268e000000GmzyAAC,false,false,false,false,
IWEB,a268e000000Gn02AAC,iWeb,a268e000000Gn02AAC,false,false,false,false,
MACQUARIE_GROUP_LTD_AUMQG,a268e000000Gn07AAC,Macquarie Group Ltd (AU:MQG),a268e000000Gn07AAC,false,false,false,false,
AMP_CAPITAL_AUSTRALIAN_SUPER_FUND,a268e000000Gn0CAAS,AMP Capital (Australian Super Fund),a268e000000Gn0CAAS,false,false,false,false,
WISE,a268e000000Gn0HAAS,Wise,a268e000000Gn0HAAS,false,false,false,false,
RSA_INSURANCE_GROUP,a268e000000Gn0MAAS,RSA Insurance Group,a268e000000Gn0MAAS,false,false,false,false,
OCTOPUS_CAPITAL_LTD,a268e000000Gn0RAAS,Octopus Capital Ltd,a268e000000Gn0RAAS,false,false,false,false,
REDWOOD,a268e000000Gn0gAAC,Redwood,a268e000000Gn0gAAC,false,false,false,false,
BALFOUR_BEATTY_PENSION_FUND_BBPF,a268e000000Gn0lAAC,Balfour Beatty Pension Fund (BBPF),a268e000000Gn0lAAC,false,false,false,false,
SCOTTISH_PUBLIC_PENSION_AGENCY,a268e000000Gn0qAAC,Scottish Public Pension Agency,a268e000000Gn0qAAC,false,false,false,false,
APPLE,a268e000000Gn0vAAC,Apple,a268e000000Gn0vAAC,false,false,false,false,
MANDATUM_LIFE,a268e000000Gn10AAC,Mandatum Life,a268e000000Gn10AAC,false,false,false,false,
BP_DB_SCHEME,a268e000000Gn1FAAS,BP DB Scheme,a268e000000Gn1FAAS,false,false,false,false,
NORWICH_UNION,a268e000000Gn1KAAS,Norwich Union,a268e000000Gn1KAAS,false,false,false,false,
HMRC,a268e000000Gn1PAAS,HMRC,a268e000000Gn1PAAS,false,false,false,false,
IIBANKS,a268e000000Gn1UAAS,IIBanks,a268e000000Gn1UAAS,false,false,false,false,
EVESTOR,a268e000000Gn1ZAAS,Evestor,a268e000000Gn1ZAAS,false,false,false,false,
SCB_THAILAND,a268e000000Gn1eAAC,SCB Thailand,a268e000000Gn1eAAC,false,false,false,false,
ETRADE,a268e000000Gn1jAAC,E-Trade,a268e000000Gn1jAAC,false,false,false,false,
ADAMSTREET,a268e000000Gn1oAAC,Adamstreet,a268e000000Gn1oAAC,false,false,false,false,
BLACK_HORSE_LLOYDS,a268e000000Gn1tAAC,Black Horse (Lloyds),a268e000000Gn1tAAC,false,false,false,false,
JTC,a268e000000Gn1yAAC,JTC,a268e000000Gn1yAAC,false,false,false,false,
YEW_GROVE_REIT_PLC,a268e000000Gn23AAC,Yew Grove REIT plc,a268e000000Gn23AAC,false,false,false,false,
MINI_CAR_FINANCE,a268e000000Gn28AAC,Mini Car Finance,a268e000000Gn28AAC,false,false,false,false,
CHASE,a268e000000Gn2DAAS,Chase,a268e000000Gn2DAAS,false,false,false,false,
BANKWEST_AUSTRALIA,a268e000000Gn2IAAS,Bankwest (Australia),a268e000000Gn2IAAS,false,false,false,false,
COINBASE,a268e000000Gn2NAAS,Coinbase,a268e000000Gn2NAAS,false,false,false,false,
ANZ_AUSTRALIAN_TRADING_ACCOUNT,a268e000000Gn2OAAS,ANZ (Australian trading account),a268e000000Gn2OAAS,false,false,false,false,
BUDGET_INSURANCE,a268e000000Gn2SAAS,Budget Insurance,a268e000000Gn2SAAS,false,false,false,false,
BWCI,a268e000000Gn2XAAS,BWCI,a268e000000Gn2XAAS,false,false,false,false,
FIRST_ACTIVE_RBS,a268e000000Gn2cAAC,First Active (RBS),a268e000000Gn2cAAC,false,false,false,false,
MERCEDES_BENZ_FINANCE,a268e000000Gn2hAAC,Mercedes Benz Finance,a268e000000Gn2hAAC,false,false,false,false,
PENSIONERSABC,a268e000000Gn2mAAC,PensionersABC,a268e000000Gn2mAAC,false,false,false,false,
IG5,a268e000000Gn2rAAC,IG,a268e000000Gn2rAAC,false,false,false,false,
TOYOTA_GREAT_BRITAIN,a268e000000Gn2wAAC,Toyota Great Britain,a268e000000Gn2wAAC,false,false,false,false,
ARCADIA_GROUP_PENSION_TRUST,a268e000000Gn31AAC,Arcadia group pension trust,a268e000000Gn31AAC,false,false,false,false,
FUJITSU,a268e000000Gn3LAAS,Fujitsu,a268e000000Gn3LAAS,false,false,false,false,
SAGA_SAVINGS,a268e000000Gn3QAAS,Saga Savings,a268e000000Gn3QAAS,false,false,false,false,
GO_HENRY,a268e000000Gn3VAAS,Go Henry,a268e000000Gn3VAAS,false,false,false,false,
ROSINCA,a268e000000Gn3aAAC,Rosinca,a268e000000Gn3aAAC,false,false,false,false,
DENIZBANK,a268e000000Gn3fAAC,Denizbank,a268e000000Gn3fAAC,false,false,false,false,
MEDIA_SUPER,a268e000000Gn3gAAC,Media Super,a268e000000Gn3gAAC,false,false,false,false,
GODIVA,a268e000000Gn3hAAC,Godiva,a268e000000Gn3hAAC,false,false,false,false,
ENGAGE_CREDIT,a268e000000Gn3kAAC,Engage Credit,a268e000000Gn3kAAC,false,false,false,false,
PENSION_PROTECTION_FUND,a268e000000Gn3pAAC,Pension protection fund,a268e000000Gn3pAAC,false,false,false,false,
ASCOT_LLOYD,a268e000000Gn3uAAC,Ascot Lloyd,a268e000000Gn3uAAC,false,false,false,false,
BAILLIE_GIFFORD_EUROPEAN_GROWTH_TRUST_PLC,a268e000000Gn3zAAC,Baillie Gifford European Growth trust PLC,a268e000000Gn3zAAC,false,false,false,false,
UTILICO_INVESTMENTS_LIMITED,a268e000000Gn44AAC,Utilico Investments Limited,a268e000000Gn44AAC,false,false,false,false,
NEMO_PERSONAL_FINANCE,a268e000000Gn49AAC,Nemo Personal Finance,a268e000000Gn49AAC,false,false,false,false,
BENPAL,a268e000000Gn4EAAS,Benpal,a268e000000Gn4EAAS,false,false,false,false,
VODAFONE_GROUP_PENSION_SCHEME_VGPS,a268e000000Gn4JAAS,Vodafone Group Pension Scheme (VGPS),a268e000000Gn4JAAS,false,false,false,false,
HAPI_PLAN,a268e000000Gn4OAAS,Hapi Plan,a268e000000Gn4OAAS,false,false,false,false,
LETS_DO_THIS,a268e000000Gn4TAAS,Lets Do This,a268e000000Gn4TAAS,false,false,false,false,
EIGEN_TECHNOLOGIES,a268e000000Gn4YAAS,Eigen Technologies,a268e000000Gn4YAAS,false,false,false,false,
RED_SIFT_LTD,a268e000000Gn4dAAC,Red Sift Ltd,a268e000000Gn4dAAC,false,false,false,false,
CAPITAL_ONE,a268e000000Gn4iAAC,Capital One,a268e000000Gn4iAAC,false,false,false,false,
WILLIS_TOWERS_WATSON_TATE__LYLE_GROUP_PENSION_SCHEME,a268e000000Gn4sAAC,Willis Towers Watson (Tate & Lyle Group Pension Scheme),a268e000000Gn4sAAC,false,false,false,false,
GAM,a268e000000Gn4xAAC,GAM,a268e000000Gn4xAAC,false,false,false,false,
KUFFLINK,a268e000000Gn52AAC,Kufflink,a268e000000Gn52AAC,false,false,false,false,
KUFLINK,a268e000000Gn57AAC,Kuflink,a268e000000Gn57AAC,false,false,false,false,
BSRIA_CO_DB_PENSION,a268e000000Gn5CAAS,BSRIA Co DB Pension,a268e000000Gn5CAAS,false,false,false,false,
DON__LOW_DB_SCHEME,a268e000000Gn5HAAS,Don & Low DB Scheme,a268e000000Gn5HAAS,false,false,false,false,
BTC_HOLDINGS,a268e000000Gn5MAAS,BTC Holdings,a268e000000Gn5MAAS,false,false,false,false,
WILLIS_TOWERS_WATSON_ASTRAZENECA,a268e000000Gn5RAAS,Willis Towers Watson (AstraZeneca),a268e000000Gn5RAAS,false,false,false,false,
BULLION,a268e000000Gn5lAAC,Bullion,a268e000000Gn5lAAC,false,false,false,false,
MIFM_ISLE_OF_MANN,a268e000000Gn5mAAC,MIFM Isle of Mann,a268e000000Gn5mAAC,false,false,false,false,
MNOPF,a268e000000Gn5qAAC,MNOPF,a268e000000Gn5qAAC,false,false,false,false,
PEARL,a268e000000Gn5vAAC,Pearl,a268e000000Gn5vAAC,false,false,false,false,
MAGNETTO_INTERNATIONAL_EQUITY,a268e000000Gn60AAC,Magnetto International Equity,a268e000000Gn60AAC,false,false,false,false,
ALLIED_IRISH_BANK,a268e000000Gn65AAC,Allied Irish Bank,a268e000000Gn65AAC,false,false,false,false,
RENTES_GENEVOISES,a268e000000Gn6AAAS,Rentes Genevoises,a268e000000Gn6AAAS,false,false,false,false,
ABRDN,a268e000000Gn6FAAS,ABRDN,a268e000000Gn6FAAS,false,false,false,false,
NWLCC_PENSION,a268e000000Gn6KAAS,NWLCC Pension,a268e000000Gn6KAAS,false,false,false,false,
ELECTRICITY_PENSIONS_ADMINISTRATION_LIMITED,a268e000000Gn6PAAS,Electricity Pensions Administration Limited,a268e000000Gn6PAAS,false,false,false,false,
AEGON_RETIREADY,a268e000000Gn6UAAS,Aegon Retiready,a268e000000Gn6UAAS,false,false,false,false,
KENT_RELIANCE,a268e000000Gn6ZAAS,Kent Reliance,a268e000000Gn6ZAAS,false,false,false,false,
CRDIT_AGRICOLE,a268e000000Gn6eAAC,Crdit Agricole,a268e000000Gn6eAAC,false,false,false,false,
MYWEALTH,a268e000000Gn6jAAC,MyWealth,a268e000000Gn6jAAC,false,false,false,false,
ESSEX_COUNTY_COUNCIL_PENSION,a268e000000Gn6oAAC,Essex county council pension,a268e000000Gn6oAAC,false,false,false,false,
TERRA_NOVA_INSURANCE_COMPANY,a268e000000Gn6tAAC,Terra Nova insurance company,a268e000000Gn6tAAC,false,false,false,false,
MARKEL,a268e000000Gn6yAAC,Markel,a268e000000Gn6yAAC,false,false,false,false,
NA,a268e000000Gn73AAC,N/A,a268e000000Gn73AAC,false,false,false,false,
WHITGIFT_FOUNDATION_PENSION_SCHEME,a268e000000Gn78AAC,Whitgift Foundation Pension Scheme,a268e000000Gn78AAC,false,false,false,false,
BELFIUS_BANK,a268e000000Gn7DAAS,Belfius Bank,a268e000000Gn7DAAS,false,false,false,false,
ICL_GROUP_PENSION_PLAN,a268e000000Gn7IAAS,ICL Group Pension Plan,a268e000000Gn7IAAS,false,false,false,false,
SECURED_LOAN,a268e000000Gn7NAAS,Secured Loan,a268e000000Gn7NAAS,false,false,false,false,
ENVIRONMENT_AGENCY_DB_SCHEME,a268e000000Gn7SAAS,Environment Agency DB Scheme,a268e000000Gn7SAAS,false,false,false,false,
BRITISH_AIRWAYS_DB_SCHEME,a268e000000Gn7XAAS,British Airways DB Scheme,a268e000000Gn7XAAS,false,false,false,false,
OPENMONEY,a268e000000Gn7cAAC,OpenMoney,a268e000000Gn7cAAC,false,false,false,false,
QSUPER_AUSTRALIAN_PENSION,a268e000000Gn7dAAC,QSuper (Australian Pension),a268e000000Gn7dAAC,false,false,false,false,
CANADIAN_MILITARY_PENSION,a268e000000Gn7hAAC,Canadian Military Pension,a268e000000Gn7hAAC,false,false,false,false,
COMMUNITY_GAMING_LTD,a268e000000Gn7rAAC,Community Gaming Ltd,a268e000000Gn7rAAC,false,false,false,false,
AGA_RANGE_MASTERS_GROUP_PENSION,a268e000000Gn7wAAC,AGA Range Masters Group Pension,a268e000000Gn7wAAC,false,false,false,false,
AFH,a268e000000Gn81AAC,AFH,a268e000000Gn81AAC,false,false,false,false,
TRAFALGAR_HOUSE,a268e000000Gn86AAC,Trafalgar House,a268e000000Gn86AAC,false,false,false,false,TRAFALGAR_HOUSE
SCOTTISH__NEWCASTLE,a268e000000Gn8BAAS,Scottish & Newcastle,a268e000000Gn8BAAS,false,false,false,false,
ENERGISE_AFRICA,a268e000000Gn8GAAS,Energise Africa,a268e000000Gn8GAAS,false,false,false,false,
CLIMB8,a268e000000Gn8LAAS,Climb8,a268e000000Gn8LAAS,false,false,false,false,
WOMBAT,a268e000000Gn8QAAS,Wombat,a268e000000Gn8QAAS,false,false,false,false,
BIG_EXCHANGE,a268e000000Gn8VAAS,Big Exchange,a268e000000Gn8VAAS,false,false,false,false,
GREEN_ANGEL_FUND,a268e000000Gn8aAAC,Green Angel Fund,a268e000000Gn8aAAC,false,false,false,false,
PAYMENTSHIELD,a268e000000Gn8fAAC,Paymentshield,a268e000000Gn8fAAC,false,false,false,false,
ZEN_AUTO_LEASING,a268e000000Gn8kAAC,Zen Auto Leasing,a268e000000Gn8kAAC,false,false,false,false,
EXETER,a268e000000Gn8pAAC,The Exeter,a268e000000Gn8pAAC,false,false,false,true,EXETER
NORTHRIDGE,a268e000000Gn8uAAC,Northridge,a268e000000Gn8uAAC,false,false,false,false,
PAYPAL,a268e000000Gn8zAAC,Paypal,a268e000000Gn8zAAC,false,false,false,false,
HARPENDEN_BUILDING_SOCIETY,a268e000000Gn94AAC,Harpenden Building Society,a268e000000Gn94AAC,false,false,false,false,
CIVIL_SERVICE_PENSION_SCHEME,a268e000000Gn99AAC,Civil Service Pension Scheme,a268e000000Gn99AAC,false,false,false,false,
GKCS_PENSION,a268e000000Gn9EAAS,GKCS Pension,a268e000000Gn9EAAS,false,false,false,false,
CPN_WEALTH,a268e000000Gn9FAAS,CPN Wealth,a268e000000Gn9FAAS,false,false,false,false,
OCTOPUS_ENERGY,a268e000000Gn9JAAS,Octopus Energy,a268e000000Gn9JAAS,false,false,false,false,
DHL_GROUP_PENSIONS,a268e000000Gn9OAAS,DHL Group Pensions,a268e000000Gn9OAAS,false,false,false,false,
HINCKLEY__RUGBY,a268e000000Gn9TAAS,Hinckley & Rugby,a268e000000Gn9TAAS,false,false,false,false,
XTB,a268e000000Gn9YAAS,XTB,a268e000000Gn9YAAS,false,false,false,false,
N26,a268e000000Gn9ZAAS,N26,a268e000000Gn9ZAAS,false,false,false,false,
WPA,a268e000000Gn9dAAC,WPA,a268e000000Gn9dAAC,false,false,false,false,
SPIRE_HEALTHCARE,a268e000000Gn9iAAC,Spire Healthcare,a268e000000Gn9iAAC,false,false,false,false,
TRUE_POTENTIAL,a268e000000Gn9nAAC,True Potential,a268e000000Gn9nAAC,false,false,false,false,
OCTOPUS_ATHENA_I_LP,a268e000000Gn9sAAC,Octopus Athena I LP,a268e000000Gn9sAAC,false,false,false,false,
HALLIBURTON,a268e000000Gn9xAAC,Halliburton,a268e000000Gn9xAAC,false,false,false,false,
BROOKS_MCDONALD,a268e000000GnA2AAK,Brooks McDonald,a268e000000GnA2AAK,false,false,false,false,
BBC_DEFINED_BENEFIT_PENSION,a268e000000GnA7AAK,BBC Defined Benefit Pension,a268e000000GnA7AAK,false,false,false,false,
SAGE_SHARE_SAVE,a268e000000GnACAA0,Sage Share Save,a268e000000GnACAA0,false,false,false,false,
LINDE_PENSION_SCHEME,a268e000000GnAHAA0,Linde Pension Scheme,a268e000000GnAHAA0,false,false,false,false,
RAC_PENSION_SCHEME,a268e000000GnAMAA0,RAC Pension Scheme,a268e000000GnAMAA0,false,false,false,false,
DENTIST__GENERAL_MUTUAL,a268e000000GnARAA0,Dentist & General Mutual,a268e000000GnARAA0,false,false,false,false,
QUESTRADE,a268e000000GnAWAA0,Questrade,a268e000000GnAWAA0,false,false,false,false,
PARK_WALK_EIS,a268e000000GnAbAAK,Park Walk EIS,a268e000000GnAbAAK,false,false,false,false,
HODGE_BANK,a268e000000GnAgAAK,Hodge Bank,a268e000000GnAgAAK,false,false,false,false,
VARIOUS,a268e000000GnAlAAK,Various,a268e000000GnAlAAK,false,false,false,false,
DARLINGTON_BUILDING_SOCIETY,a268e000000GnAqAAK,Darlington Building Society,a268e000000GnAqAAK,false,false,false,false,
WAHED,a268e000000GnAvAAK,Wahed,a268e000000GnAvAAK,false,false,false,false,
ISLAMIC_FINANCE_GURU_VC,a268e000000GnB0AAK,Islamic Finance Guru VC,a268e000000GnB0AAK,false,false,false,false,
VP_BANK_BVI,a268e000000GnB1AAK,VP Bank BVI,a268e000000GnB1AAK,false,false,false,false,
MWM_FINANCIAL_SERVICES,a268e000000GnB2AAK,MWM Financial Services,a268e000000GnB2AAK,false,false,false,false,
ISLAMIC_FINANCE_GURU,a268e000000GnB5AAK,Islamic Finance Guru,a268e000000GnB5AAK,false,false,false,false,
REPUBLIC_BANK_BVI,a268e000000GnBAAA0,Republic Bank BVI,a268e000000GnBAAA0,false,false,false,false,
BMW_PENSION_SCHEME,a268e000000GnBBAA0,BMW Pension Scheme,a268e000000GnBBAA0,false,false,false,false,
UNBOLTED,a268e000000GnBFAA0,Unbolted,a268e000000GnBFAA0,false,false,false,false,
GOLD,a268e000000GnBKAA0,Gold,a268e000000GnBKAA0,false,false,false,false,
BBS_CONSULTANTS_DB_PENSION,a268e000000GnBPAA0,BBS Consultants DB Pension,a268e000000GnBPAA0,false,false,false,false,
SUPERANNUATED,a268e000000GnBQAA0,Superannuated,a268e000000GnBQAA0,false,false,false,false,
LANCASHIRE_FIRE_AND_RESCUE_DB_PENSION,a268e000000GnBUAA0,Lancashire Fire and Rescue DB Pension,a268e000000GnBUAA0,false,false,false,false,
EAST_SUSSEX_PENSION_FUND,a268e000000GnBZAA0,East Sussex Pension Fund,a268e000000GnBZAA0,false,false,false,false,
OCTOPUS_ZENITH_FUNDS,a268e000000GnBeAAK,Octopus Zenith Funds,a268e000000GnBeAAK,false,false,false,false,
VOLVO_CAR_FINANCIAL_SERVICES,a268e000000GnBjAAK,Volvo Car Financial Services,a268e000000GnBjAAK,false,false,false,false,
ALLEN_OVERY_DB_SCHEME,a268e000000GnBoAAK,Allen Overy DB Scheme,a268e000000GnBoAAK,false,false,false,false,
ING_BANKING,a268e000000GnBpAAK,ING Banking,a268e000000GnBpAAK,false,false,false,false,
CHESHIRE_PENSION_FUND,a268e000000GnBtAAK,Cheshire Pension Fund,a268e000000GnBtAAK,false,false,false,false,
HOWDENS_JOINERY_DB_SCHEME,a268e000000GnCSAA0,Howdens Joinery DB Scheme,a268e000000GnCSAA0,false,false,false,false,
VW_FINANCIAL_SERVICES,a268e000000GnCcAAK,VW Financial Services,a268e000000GnCcAAK,false,false,false,false,
TESCO_BANK,a268e000000GnChAAK,Tesco Bank,a268e000000GnChAAK,false,false,false,false,
SANOFI_PENSION,a268e000000GnCmAAK,Sanofi Pension,a268e000000GnCmAAK,false,false,false,false,
HAMPSHIRE_PENSION_SERVICES,a268e000000GnCrAAK,Hampshire Pension Services,a268e000000GnCrAAK,false,false,false,false,
OPENWORK,a268e000000GnCwAAK,OpenWork,a268e000000GnCwAAK,false,false,false,false,
HM_COURTS_AND_TRIBUNALS_SERVICE_DB_SCHEME,a268e000000GnD1AAK,HM Courts and Tribunals Service DB Scheme,a268e000000GnD1AAK,false,false,false,false,
CASTLE_TRUST,a268e000000GnD6AAK,Castle Trust,a268e000000GnD6AAK,false,false,false,false,
SMART_INSURANCE,a268e000000GnDBAA0,Smart Insurance,a268e000000GnDBAA0,false,false,false,false,
DUDLEY,a268e000000GnDQAA0,Dudley,a268e000000GnDQAA0,false,false,false,false,
PUMA_VCT,a268e000000GnDaAAK,PUMA VCT,a268e000000GnDaAAK,false,false,false,false,
LIBERTY,a268e000000GnDfAAK,Liberty,a268e000000GnDfAAK,false,false,false,false,
CANTER_HOLLAND,a268e000000GnDuAAK,Canter Holland,a268e000000GnDuAAK,false,false,false,false,
DISCOVERY_INSURANCE_SOUTH_AFRICA,a268e000000GnE4AAK,Discovery Insurance (South Africa),a268e000000GnE4AAK,false,false,false,false,
CUSHION,a268e000000GnE9AAK,Cushion,a268e000000GnE9AAK,false,false,false,false,
NRNBERGER_VERSICHERUNGEN,a268e000000GnEOAA0,Nrnberger Versicherungen,a268e000000GnEOAA0,false,false,false,false,
CUSHON,a268e000000GnEYAA0,Cushon,a268e000000GnEYAA0,false,false,false,false,
STRATHCLYDE_PENSION_FUND,a268e000000GnEdAAK,Strathclyde Pension Fund,a268e000000GnEdAAK,false,false,false,false,
FOLK2FOLK,a268e000000GnEnAAK,Folk2Folk,a268e000000GnEnAAK,false,false,false,false,
WEST_BROMICH_BUILDING_SOCIETY,a268e000000GnEsAAK,West Bromwich Building Society,a268e000000GnEsAAK,false,false,false,false,WEST_BROMWICH_BUILDING_SOCIETY
ISIO,a268e000000GnFCAA0,Isio,a268e000000GnFCAA0,false,false,false,false,
INVESTENGINE,a268e000000GnFHAA0,InvestEngine,a268e000000GnFHAA0,false,false,false,false,
BT_DB_SCHEME,a268e000000GnFMAA0,BT DB Scheme,a268e000000GnFMAA0,false,false,false,false,
WELLCOME_TRUST,a268e000000GnFRAA0,Wellcome Trust,a268e000000GnFRAA0,false,false,false,false,
PENSION_INSURANCE_COMPANY,a268e000000GnFWAA0,Pension Insurance Company,a268e000000GnFWAA0,false,false,false,false,
OLAND_SPARBANKEN,a268e000000GnFbAAK,Oland Sparbanken,a268e000000GnFbAAK,false,false,false,false,
BBVA,a268e000000GnFgAAK,BBVA,a268e000000GnFgAAK,false,false,false,false,
NEXO,a268e000000GnFlAAK,Nexo,a268e000000GnFlAAK,false,false,false,false,
CAISSE_DEPARGNE,a268e000000GnFqAAK,Caisse d'Epargne,a268e000000GnFqAAK,false,false,false,false,
SKIPTON_BUILDING_SOCIETY,a268e000000GnFvAAK,Skipton Building Society,a268e000000GnFvAAK,false,false,false,false,
AUTO,a268e000000GnG0AAK,Auto,a268e000000GnG0AAK,false,false,false,false,
FIRSTGROUP,a268e000000GnG5AAK,FirstGroup,a268e000000GnG5AAK,false,false,false,false,
PONTAQ,a268e000000GnGAAA0,Pontaq,a268e000000GnGAAA0,false,false,false,false,
YIELDNODES,a268e000000GnGFAA0,Yieldnodes,a268e000000GnGFAA0,false,false,false,false,
BANKINTER2,a268e000000GnGKAA0,Bankinter,a268e000000GnGKAA0,false,false,false,false,
IPSE,a268e000000GnGPAA0,IPSE,a268e000000GnGPAA0,false,false,false,false,
IRELAND_STATE_SAVINGS,a268e000000GnGUAA0,Ireland State Savings,a268e000000GnGUAA0,false,false,false,false,
OVE_ARUP__PARTNERS,a268e000000GnGZAA0,Ove Arup & Partners,a268e000000GnGZAA0,false,false,false,false,
AN_POST,a268e000000GnGeAAK,An Post,a268e000000GnGeAAK,false,false,false,false,
EASYMONEY,a268e000000GnGjAAK,EasyMoney,a268e000000GnGjAAK,false,false,false,false,
THE_BARCLAYS_BANK_UK_RETIREMENT_FUND,a268e000000GnGoAAK,The Barclays Bank UK Retirement Fund,a268e000000GnGoAAK,false,false,false,false,
BARCLAYS_SICAV,a268e000000GnGtAAK,Barclays SICAV,a268e000000GnGtAAK,false,false,false,false,
HUNGARIAN_BANK,a268e000000GnGyAAK,Hungarian Bank,a268e000000GnGyAAK,false,false,false,false,
NEWCASTLE_BUILDING_SOCIETY,a268e000000GnH3AAK,Newcastle Building Society,a268e000000GnH3AAK,false,false,false,false,
APRICOT,a268e000000GnH8AAK,Apricot,a268e000000GnH8AAK,false,false,false,false,
FUTURE_PLANNER,a268e000000GnHhAAK,Future Planner,a268e000000GnHhAAK,false,false,false,false,
STANDARD_CHARTERED,a268e000000GnI1AAK,Standard Chartered,a268e000000GnI1AAK,false,false,false,false,
DEUTSCHE_BANK_UK_PENSION_SCHEME,a268e000000GnIaAAK,Deutsche Bank UK Pension Scheme,a268e000000GnIaAAK,false,false,false,false,
DENPLAN,a268e000000GnJdAAK,Denplan,a268e000000GnJdAAK,false,false,false,false,
IMS,a268e000000GnLAAA0,IMS,a268e000000GnLAAA0,false,false,false,false,
XAFINITY,a268e000000GnNQAA0,Xafinity,a268e000000GnNQAA0,false,false,false,false,
WANDSWORTH_COUNCIL_DB_SCHEME,a268e000000GnNVAA0,Wandsworth Council DB Scheme,a268e000000GnNVAA0,false,false,false,false,
DENTONS,a268e000000GnNaAAK,Dentons,a268e000000GnNaAAK,false,false,false,false,
SIR_ROBERT_MACAPLINE_LTD_STAFF_PENSION,a268e000000GnP7AAK,Sir Robert MacApline Ltd Staff Pension,a268e000000GnP7AAK,false,false,false,false,
QUANTUM_EXPONENTIAL_GROUP,a268e000000GnPCAA0,Quantum Exponential Group,a268e000000GnPCAA0,false,false,false,false,
PLUM,a268e000000GnQFAA0,Plum,a268e000000GnQFAA0,false,false,false,false,
IPM,a268e000000GnQKAA0,IPM,a268e000000GnQKAA0,false,false,false,false,
PSIGMA,a268e000000GnR8AAK,Psigma,a268e000000GnR8AAK,false,false,false,false,
LANDMARK_MORTGAGES,a268e000000GnRDAA0,Landmark Mortgages,a268e000000GnRDAA0,false,false,false,false,
ELECTRICITY_SUPPLY_PENSIONS_SCHEME,a268e000000GnRIAA0,Electricity Supply Pensions Scheme,a268e000000GnRIAA0,false,false,false,false,
2_PLAN_WEALTH_MANAGEMENT,a268e000000GnRJAA0,2 Plan Wealth Management,a268e000000GnRJAA0,false,false,false,false,
WORKERS_PENSION_TRUST,a268e000000GnRcAAK,Workers Pension Trust,a268e000000GnRcAAK,false,false,false,false,
RUSSEL_INVESTMENTS,a268e000000GnRwAAK,Russel Investments,a268e000000GnRwAAK,false,false,false,false,
BUDGET_RENTACAR_DEFINED_BENEFIT_SCHEME,a268e000000GnS1AAK,Budget Rent-a-Car Defined Benefit Scheme,a268e000000GnS1AAK,false,false,false,false,
INTELLIGENT_MONEY,a268e000000GnSfAAK,Intelligent Money,a268e000000GnSfAAK,false,false,false,false,
SINGAPORE_CENTRAL_PROVIDENT_FUND_CPF,a268e000000GnTiAAK,Singapore Central Provident Fund (CPF),a268e000000GnTiAAK,false,false,false,false,
GUARDIAN_1821,a268e000000GnUHAA0,Guardian 1821,a268e000000GnUHAA0,false,false,false,false,
DENTAL_PROVIDENT,a268e000000GnVKAA0,Dental Provident,a268e000000GnVKAA0,false,false,false,false,
BLME,a268e000000GnVPAA0,BLME,a268e000000GnVPAA0,false,false,false,false,
TIDE_BANKING,a268e000000GnWSAA0,Tide Banking,a268e000000GnWSAA0,false,false,false,false,
LOMBARD,a268e000000GnZCAA0,Lombard,a268e000000GnZCAA0,false,false,false,false,
THE_ENERGY_SAVING_TRUST,a268e000000GnZHAA0,The Energy Saving Trust,a268e000000GnZHAA0,false,false,false,false,
COOPERS_AND_LYBRAND_PENSION_SCHEME,a268e000000GnZMAA0,Coopers and Lybrand Pension Scheme,a268e000000GnZMAA0,false,false,false,false,
MORTGAGE_EXPRESS,a268e000000GnZRAA0,Mortgage Express,a268e000000GnZRAA0,false,false,false,false,
PUNJAB_BANK,a268e000000GnbwAAC,Punjab Bank,a268e000000GnbwAAC,false,false,false,false,
KIA_FINANCE,a268e000000GndEAAS,Kia Finance,a268e000000GndEAAS,false,false,false,false,
HARTLEY_SAS_LTD,a268e000000Gnf0AAC,Hartley SAS Ltd,a268e000000Gnf0AAC,false,false,true,false,
NEW_IRELAND_ASSURANCE,a268e000000GnfoAAC,New Ireland Assurance,a268e000000GnfoAAC,false,false,false,false,
ACCESS_GROUP,a268e000000GnftAAC,Access Group,a268e000000GnftAAC,false,false,false,false,
BT,a268e000000GnfyAAC,BT,a268e000000GnfyAAC,false,false,false,false,
BAGBOARD,a268e000000Gng3AAC,Bagboard,a268e000000Gng3AAC,false,false,false,false,
ESSENSYS,a268e000000LiN3AAK,Essensys,,false,false,false,false,
NATIONAL_PENSION_TRUST,a268e000000YfM5AAK,National Pension Trust,,false,false,false,false,
PROPLEND,a268e000000YfQyAAK,Proplend,,false,false,false,false,
ABN_AMRO_BANK,a268e000000YfR8AAK,ABN AMRO Bank,,false,false,false,false,
SMARTSAVE,a268e000000YgGhAAK,SmartSave,,false,false,false,false,
SHEARMAN__STERLING,a268e000000blSkAAI,Shearman & Sterling,a268e000000blSkAAI,false,false,false,false,
ICAEW,a268e000000blSuAAI,ICAEW,a268e000000blSuAAI,false,false,false,false,
DNB,a268e000000blSzAAI,DNB,a268e000000blSzAAI,false,false,false,false,
INVESTACC,a268e000000blT9AAI,InvestAcc,a268e000000blT9AAI,false,false,false,false,
NUFFIELD_HEALTHCARE,a268e000000blTEAAY,Nuffield Healthcare,a268e000000blTEAAY,false,false,false,false,
SAUNDERSON_HOUSE,a268e000000blTOAAY,Saunderson House,a268e000000blTOAAY,false,false,false,false,
NABARRO,a268e000000blTTAAY,Nabarro,a268e000000blTTAAY,false,false,false,false,
NATIONAL_SAVINGS__INVESTMENTS_NSI,a268e000000blTnAAI,National Savings & Investments (NS&I),a268e000000blTnAAI,false,false,false,false,NS_AND_I
SHEPHERDS_FAMILY,a268e000000blTsAAI,Shepherds Family,a268e000000blTsAAI,false,false,false,false,
ETHEX,a268e000000blbSAAQ,Ethex,a268e000000blbSAAQ,false,false,false,false,
LOW_CARBON_HUB,a268e000000blbXAAQ,Low Carbon Hub,a268e000000blbXAAQ,false,false,false,false,
NOVAVAX,a268e000000blbcAAA,Novavax,a268e000000blbcAAA,false,false,false,false,
VOLKSWAGEN_FINANCIAL_SERVICES,a268e000000blbwAAA,Volkswagen Financial Services,a268e000000blbwAAA,false,false,false,false,
ARTEMIS_FUND_MANAGERS_LIMITED,a268e000000bldsAAA,Artemis Fund Managers Limited,a268e000000bldsAAA,false,false,false,false,
ZENITH_BATH_UK,a268e000000blgXAAQ,Zenith Bath UK,a268e000000blgXAAQ,false,false,false,false,
ZENITH_BANK_UK,a268e000000blgcAAA,Zenith Bank UK,a268e000000blgcAAA,false,false,false,false,
MG_OPENWORK,a268e000000blghAAA,M&G Openwork,a268e000000blghAAA,false,false,false,false,
ETRADE3,a268e000000bli9AAA,e-trade,a268e000000bli9AAA,false,false,false,false,
GREAT_POINT_MEDIA,a268e000000blneAAA,Great Point Media,a268e000000blneAAA,false,false,false,false,
BROADRIDGE,a268e000000blrvAAA,Broadridge,a268e000000blrvAAA,false,false,false,false,
KLEINWORT_HAMBROS,a268e000000bls0AAA,Kleinwort Hambros,a268e000000bls0AAA,false,false,false,false,
KENSINGTON,a268e000000bluGAAQ,Kensington,a268e000000bluGAAQ,false,false,false,false,
FUEL_EIS,a268e000000bluVAAQ,Fuel EIS,a268e000000bluVAAQ,false,false,false,false,
VERNON_BUILDING_SOCIETY,a268e000000blwLAAQ,Vernon Building Society,a268e000000blwLAAQ,false,false,false,false,
DYSIS,a268e000000blxSAAQ,Dysis,a268e000000blxSAAQ,false,false,false,false,
THE_MORTGAGE_LENDER,a268e000000blzbAAA,The Mortgage Lender,a268e000000blzbAAA,false,false,false,false,
HELIODOR_MORTGAGES,a268e000000bmRpAAI,Heliodor Mortgages,a268e000000bmRpAAI,false,false,false,false,
SERVICENOW,a268e000000bnYBAAY,ServiceNow,a268e000000bnYBAAY,false,false,false,false,
ALLICA_BANK,a268e000000xBNVAA2,Allica Bank,,false,false,false,false,
GENERATION_HOME,a268e000000xBXCAA2,Generation Home,,false,false,false,false,
SPARKASSE,a268e000000xBfBAAU,Sparkasse,,false,false,false,false,
COMDIRECT,a268e000000xBfGAAU,Comdirect,,false,false,false,false,
BROADSTONE,a26Sl0000006hIPIAY,Broadstone,,false,false,false,false,
NOVIA,a26Sl0000008QbfIAE,Novia,,false,false,false,false,
VANQUIS,a26Sl000000EuOvIAK,Vanquis,,false,false,false,false,
PENFOLD,a26Sl000000EuVNIA0,Penfold,,false,false,false,false,
CHORLEY_BUILDING_SOCIETY,a26Sl000000JdP6IAK,Chorley Building Society,,false,false,false,false,
AMATI_GLOBAL_INVESTORS,a26Sl000000JeL7IAK,Amati Global Investors,,false,false,false,false,
ROCKWELL_AUTOMATION,a26Sl000000JejJIAS,Rockwell Automation,,false,false,false,false,
ERSTE_BANK_CROATIA,a26Sl000000QprnIAC,Erste Bank Croatia,,false,false,false,false,
NOTTINGHAM_BUILDING_SOCIETY,a26Sl000000QrANIA0,Nottingham Building Society,,false,false,false,false,
NFU_MUTUAL,a26Sl000000QwDFIA0,NFU Mutual,,false,false,false,false,
NOVUNA,a26Sl000000SBYWIA4,Novuna,,false,false,false,false,
SG_FLEET,a26Sl000000SG9vIAG,SG Fleet,,false,false,false,false,
CAPITAL_ON_TAP,a26Sl000000SGbJIAW,Capital On Tap,,false,false,false,false,
UNIVERSITY_OF_EDINBURGH_STAFF_BENEFITS_SCHEME,a26Sl000000UMkfIAG,University of Edinburgh Staff Benefits Scheme,,false,false,false,false,
GUINNESS_GLOBAL_INVESTORS,a26Sl000000UMvxIAG,Guinness Global Investors,,false,false,false,false,
NATIONAL_BANK_OF_EGYPT,a26Sl000000WlTdIAK,National Bank of Egypt,,false,false,false,false,
LEDGER,a26Sl000000YTIvIAO,Ledger,,false,false,false,false,
RECOGNISE_BANK,a26Sl000000b50jIAA,Recognise Bank,,false,false,false,false,
SYGNIA,a26Sl000000bA3iIAE,Sygnia,,false,false,false,false,
EASYEQUITIES,a26Sl000000bEnBIAU,EasyEquities,,false,false,false,false,
BANQUE_TRANSATLANTIQUE,a26Sl000000cgvtIAA,Banque Transatlantique,,false,false,false,false,
CORINIUM_INSURANCE_SERVICES,a26Sl000000eZThIAM,Corinium Insurance Services,,false,false,false,false,
SENSIZE_LTD,a26Sl000000fxdeIAA,Sensize Ltd,,false,false,false,false,
BROOK_CAPITAL,a26Sl000000itiLIAQ,Brook Capital,,false,false,false,false,
ALIGHT,a26Sl000000itqPIAQ,Alight,,false,false,false,false,
CATCHAPP,a26Sl000000kSFsIAM,CatchApp,,false,false,false,false,
CAHOOT,a26Sl000000ka3hIAA,cahoot,,false,false,false,false,
FAMILY_BUILDING_SOCIETY,a26Sl000000mIkEIAU,Family Building Society,,false,false,false,false,
IMI,a26Sl000000mKkPIAU,IMI,,false,false,false,false,
PREMIER_MILTON_GROUP_PLC,a26Sl000000mMr3IAE,Premier Milton Group plc,,false,false,false,false,PREMIER_MILTON_GROUP_PLC
PEPPER_MONEY,a26Sl000000mMvtIAE,Pepper Money,,false,false,false,false,
HAMPSHIRE_TRUST_BANK,a26Sl000000oB8NIAU,Hampshire Trust Bank,,false,false,false,false,
SECURE_TRUST_BANK,a26Sl000000oC1BIAU,Secure Trust Bank,,false,false,false,false,
ASDA_MONEY,a26Sl000000s0hNIAQ,Asda Money,,false,false,false,false,
ROYAL_MAIL,a26Sl000000soW5IAI,Royal Mail Statutory Pension Scheme,,false,false,false,false,ROYAL_MAIL
LEEK_BUILDING_SOCIETY,a26Sl000000soZJIAY,Leek Building Society,,false,false,false,false,
GOOGLE,a26Sl000000tXkvIAE,Google,,false,false,false,false,
INNIS__GUNN,a26Sl000000v29xIAA,Innis & Gunn,,false,false,false,false,
SSE_PLC,a26Sl000000v4rkIAA,SSE plc,,false,false,false,false,
BREWDOG,a26Sl000000v8k1IAA,Brewdog,,false,false,false,false,
TD_CANADA_TRUST,a26Sl000000yvY7IAI,TD Canada Trust,,false,false,false,false,TD_Canada_Trust
ACCENTURE,a26Sl000000z3fJIAQ,Accenture,,false,false,false,false,Accenture
CIBC,a26Sl000000z40HIAQ,CIBC,,false,false,false,false,CIBC
ALLIANCE_BERNSTEIN,a26Sl000000z5KXIAY,Alliance Bernstein,,false,false,false,false,Alliance_Bernstein
PLANE_SAVER_CREDIT_UNION,a26Sl00000106ZVIAY,Plane Saver Credit Union,,false,false,false,false,PlaneSaverCreditUnion
LINK_GROUP,a26Sl0000011Sw9IAE,Link Group,,false,false,false,false,LinkGroup
GPIM_LIMITED,a26Sl0000013Cx1IAE,GPIM Limited,,false,false,false,false,GPIMLtd
SEI_MASTER_TRUST,a26Sl0000013EnRIAU,SEI Master Trust,,false,false,false,false,SEIMasterTrust
QIB_UK,a26Sl0000015bb3IAA,QIB UK,,false,false,false,false,QIBUK
MONSON_SAVINGS,a26Sl000001709GIAQ,Monson Savings,,false,false,false,false,MonsonSavings
LANE_CLARK__PEACOCK_LLP,a26Sl00000171urIAA,Lane Clark & Peacock LLP,,false,false,false,false,LaneClarkPeacockLLP
SWISSQUOTE,a26Sl0000017bwjIAA,Swissquote,,false,false,false,false,Swissquote
ABUNDANCE_INVESTMENT,a26Sl0000018hSGIAY,Abundance Investment,,false,false,false,false,AbundanceInvestment
CHARLES_AND_DEAN_FINANCE,a26Sl00000190rTIAQ,Charles and Dean Finance,,false,false,false,false,CharlesAndDeanFinance
SFC_CAPITAL,a26Sl000001EqXfIAK,SFC Capital,,false,false,false,false,SfcCapital
POLLY,a26Sl000001EssnIAC,Polly,,false,false,false,false,polly
ROCKPOOL_INVESTMENTS,a26Sl000001EtP3IAK,Rockpool Investments,,false,false,false,false,RockpoolInvestments
ASSOCIATED_BRITISH_FOODS_PENSION_SCHEME,a26Sl000001G1h7IAC,Associated British Foods Pension Scheme,,false,false,false,false,ABPFS
ONTARIO_TEACHERS_PENSION_PLAN,a26Sl000001GQfXIAW,Ontario Teachers' Pension Plan,,false,false,false,false,OTPP
IFGL_PENSIONS,a26Sl000001GWwDIAW,IFGL Pensions,,false,false,false,false,IFGLP
SEEDLEGALS,a26Sl000001HttzIAC,SeedLegals,,false,false,false,false,SeedLegals
SHERWINWILLIAMS,a26Sl000001I0IjIAK,Sherwin-Williams,,false,false,false,false,SW
ISBANK,a26Sl000001O3CJIA0,Isbank,,false,false,false,false,IS_BANK
ACORN_PROPERTY_INVEST,a26Sl000001O4bOIAS,Acorn Property Invest,,false,false,false,false,ACORN_PROPERTY_INVEST
JN_BANK,a26Sl000001O5E6IAK,JN Bank,,false,false,false,false,JN_BANK
RAISIN,a26Sl000001O6YLIA0,Raisin,,false,false,false,false,RAISIN
GB_BANK,a26Sl000001O6tJIAS,GB Bank,,false,false,false,false,GB_BANK
MY_COMMUNITY_BANK,a26Sl000001O77pIAC,My Community Bank,,false,false,false,false,MY_COMMUNITY_BANK
BP,a26Sl000001V6VBIA0,BP,,false,false,false,false,BP
BUNGE,a26Sl000001aTCbIAM,Bunge,,false,false,false,false,BUNGE
TOM,a26Sl000001gqMbIAI,Tom,,false,false,false,false,TOM
SUFFOLK_BUILDING_SOCIETY,a26Sl000001n3KLIAY,Suffolk Building Society,,false,false,false,false,SBS
BEST_INSURANCE,a26Sl000001omVVIAY,Best Insurance,,false,false,false,false,BEST_INSURANCE
MATTIOLI_WOODS_PLC,a26Sl000001teHDIAY,Mattioli Woods plc,,false,false,false,false,Mattioli Woods plc
LOCAL_PENSIONS_PARTNERSHIP,a26Sl000001thzpIAA,Local Pensions Partnership,,false,false,false,false,Local Pensions Partnership
KEYSTONE,a26Sl000001uFa9IAE,Keystone,,false,false,false,false,Keystone
MONUMENT_BANK,a26Sl000001xe8vIAA,Monument Bank,,false,false,false,false,MonumentBank
QUANTUM_ADVISORY,a26Sl000001zYFhIAM,Quantum Advisory,,false,false,false,false,QuantumAdvisory
MARSDEN_BUILDING_SOCIETY,a26Sl0000022jUXIAY,Marsden Building Society,,false,false,false,false,MBS
DELL,a26Sl0000025EnbIAE,Dell,,false,false,false,false,dell
PSG_SIPP,a26Sl0000025GMLIA2,PSG SIPP,,false,false,false,false,PSGSIPP
SHEPHERDS_FRIENDLY,a26Sl0000028dKnIAI,Shepherds Friendly,,false,false,false,false,SHEPHERDS_FRIENDLY
ROBINHOOD,a26Sl000002AYthIAG,Robinhood,,false,false,false,false,ROBINHOOD
SOCIETE_GENERALE_SECURITY_SERVICES,a26Sl000002CPj3IAG,Societe Generale Security Services,,false,false,false,false,SocieteGeneraleSecurityServices
DOBACK_VENTURES,a26Sl000002IKQXIA4,Doback Ventures,,false,false,false,false,DOBACK_VENTURES
BANK_OF_ENGLAND,a26Sl000002Ji7XIAS,Bank of England,,false,false,false,false,BANK_OF_ENGLAND
ALPHABET,a26Sl000002JiNaIAK,Alphabet,,false,false,false,false,ALPHABET_GB_LIMITED
GENERAL__MEDICAL_HEALTHCARE,a26Sl000002Jic5IAC,General & Medical Healthcare,,false,false,false,false,GENERAL_AND_MEDICAL_HEALTHCARE
NOVAS_BLACK,a26Sl000002JiqbIAC,Novas Black,,false,false,false,false,NOVUS_BLACK
AA_LOANS,a26Sl000002MkCjIAK,AA Loans,,false,false,false,false,AALOANS
ROPES__GRAY,a26Sl000002O6BBIA0,Ropes & Gray,,false,false,false,false,ROPES_AND_GRAY
ROYAL_BANK_OF_CANADA,a26Sl000002TlIXIA0,Royal Bank of Canada,,false,false,false,false,ROYAL_BANK_OF_CANADA
RESOLUTION_LIFE_PLC,a26Sl000002VDj1IAG,Resolution Life plc,,false,false,false,false,RESOLUTION_LIFE
EDGE_VC,a26Sl000002VFjQIAW,Edge VC,,false,false,false,false,EDGE_VC
OCTOPUS_GROUP_HOLDINGS_LTD,a26Sl000002VHwHIAW,Octopus Group Holdings Ltd,,false,false,false,false,OGHL
SUNTERA_GLOBAL,a26Sl000002WzIXIA0,Suntera Global,,false,false,false,false,SUNTERA_GLOBAL
MICROSOFT,a26Sl000002WzK9IAK,Microsoft,,false,false,false,false,MICROSOFT
BAKER_HUGHES,a26Sl000002bMV3IAM,Baker Hughes,,false,false,false,false,BAKER_HUGHES
APTIA,a26Sl000002eoUnIAI,Aptia,,false,false,false,false,APTIA
ACTIVUS_WEALTH,a26Sl000002fjeLIAQ,Activus Wealth,,false,false,false,false,ACTIVUS_WEALTH
YFM_EQUITY_PARTNERS,a26Sl000002he15IAA,YFM Equity Partners,,false,false,false,false,YfmEquityPartners
HEARTWOOD_HOLDING,a26Sl000002ooBlIAI,Heartwood Holding,,false,false,false,false,HEARTWOOD_HOLDING
MATTHEWS,a26Sl000002ooGbIAI,Matthews,,false,false,false,false,MATTHEWS
SHAFTESBURY_CAPITAL,a26Sl000002s5G9IAI,Shaftesbury Capital,,false,false,false,false,SHAFTESBURY_CAPITAL
COLONIAL_FIRST_STATE,a26Sl000002tZ2PIAU,Colonial First State,,false,false,false,false,COLONIAL_FIRST_STATE
AURA_CAPITAL,a26Sl000002tfMLIAY,Aura Capital,,false,false,false,false,AURA_CAPITAL
CROWD2FUND,a26Sl000002w0D3IAI,Crowd2Fund,,false,false,false,false,CROWDTWOFUND
HOLLOWAY_FRIENDLY,a26Sl000002w3ioIAA,Holloway Friendly,,false,false,false,false,HOLLOWAY_FRIENDLY
PG_MUTUAL,a26Sl000002w60fIAA,PG Mutual,,false,false,false,false,PG_MUTUAL
REALM_PROTECTION,a26Sl000002w62HIAQ,Realm Protection,,false,false,false,false,REALM_PROTECTION
MASSMUTUAL,a26Sl000002xFYMIA2,MassMutual,,false,false,false,false,MASSMUTUAL
CUMBERLAND_BUILDING_SOCIETY,a26Sl000002xL5hIAE,Cumberland Building Society,,false,false,false,false,CUMBERLAND_BUILDING_SOCIETY
DIRECT_LINE_GROUP,a26Sl000002xLC9IAM,Direct Line Group,,false,false,false,false,DIRECT_LINE_GROUP
CENTRICA,a26Sl000002z5ODIAY,Centrica,,false,false,false,false,CENTRICA
WHITEHALL_GROUP,a26Sl000003BQFMIA4,Whitehall Group,,false,false,false,false,WHITEHALL_GROUP
SYNDICATE_ROOM,a26Sl000003BRxdIAG,Syndicate Room,,false,false,false,false,SYNDICATE_ROOM
ARM,a26Sl000003EKtBIAW,Arm,,false,false,false,false,ARM
BOALCO,a26Sl000003H4IRIA0,Boal & Co,,false,false,false,false,BOALCO
DODD_WEALTHCARE,a26Sl000003H6yZIAS,Dodd Wealthcare,,false,false,false,false,DODD_WEALTHCARE
FIS,a26Sl000003H9gHIAS,FIS Global,,false,false,false,false,FIS
FINECO_BANK,a26Sl000003H9htIAC,FinecoBank,,false,false,false,false,FINECO_BANK
CHUBB,a26Sl000003H9jVIAS,Chubb,,false,false,false,false,CHUBB
COMPASS_UNDERWRITING,a26Sl000003H9l7IAC,Compass Underwriting,,false,false,false,false,COMPASS_UNDERWRITING
MERCHANT_NAVY_OFFICERS_PENSION_FUND,a26Sl000003H9mjIAC,Merchant Navy Officers Pension Fund,,false,false,false,false,MERCHANT_NAVY_OFFICERS_PENSION_FUND
AIRBUS_UK_PENSION_SCHEME,a26Sl000003H9oLIAS,Airbus UK Pension Scheme,,false,false,false,false,AIRBUS_UK_PENSION_SCHEME
DIGITAL_WEALTH_SYSTEMS,a26Sl000003H9pxIAC,Digital Wealth Systems,,false,false,false,false,DIGITAL_WEALTH_SYSTEMS
WOOD_PENSION_PLAN,a26Sl000003H9rZIAS,Wood Pensions,,false,false,false,false,WOOD_PENSION_PLAN
VAUBAN,a26Sl000003H9tBIAS,Vauban,,false,false,false,false,VAUBAN
OPTIONS_PENSIONS,a26Sl000003H9unIAC,Options Pensions,,false,false,false,false,OPTIONS_PENSIONS
SPENCE,a26Sl000003HPoHIAW,Spence,,false,false,false,false,SPENCE
,a26Sl000003MPdzIAG,Man Group,,false,false,false,false,MAN_GROUP
,a26Sl000003QsnpIAC,Buckinghamshire Building Society,,false,false,false,false,BUCKINGHAMSHIRE_BUILDING_SOCIETY
,a26Sl000003SL2zIAG,National Grid UK Pension Scheme,,false,false,false,false,NATIONAL_GRID_UK_PENSION_SCHEME
,a26Sl000003W7r3IAC,Avon Insurance,,false,false,false,false,AVON_INSURANCE
,a26Sl000003W7z7IAC,Aura Group,,false,false,false,false,AURA_GROUP
,a26Sl000003WfuLIAS,Alltrust,,false,false,false,false,ALLTRUST
,a26Sl000003dFjtIAE,Insignis Cash,,false,false,false,false,INSIGNIS_CASH
,a26Sl000003eWsHIAU,ArchOver,,false,false,false,false,ARCHOVER
,a26Sl000003fcdtIAA,CareSuper,,false,false,false,false,CARESUPER
,a26Sl000003jAuLIAU,Hughes Price Walker,,false,false,false,false,HUGHES_PRICE_WALKER
,a26Sl000003kdHZIAY,Ripple Energy,,false,false,false,false,RIPPLE_ENERGY
,a26Sl000003lxMHIAY,Ziraat Bank,,false,false,false,false,ZIRAAT_BANK
,a26Sl000003obVhIAI,Tembo Money,,false,false,false,false,TEMBO_MONEY
,a26Sl000003pH8LIAU,Odin Investments,,false,false,false,false,ODIN_INVESTMENTS
,a26Sl000003pqFlIAI,Tempo Structured Products,,false,false,false,false,TEMPO_STRUCTURED_PRODUCTS
,a26Sl000003sOzsIAE,Lumin Wealth,,false,false,false,false,LUMIN_WEALTH
,a26Sl000003tCurIAE,Unicorn,,false,false,false,false,UNICORN
,a26Sl000004067xIAA,AIA Group Limited,,false,false,false,false,AIA_GROUP_LIMITED
,a26Sl0000040fSHIAY,Partners Wealth Management,,false,false,false,false,PARTNERS_WEALTH_MANAGEMENT
,a26Sl0000042yFVIAY,British Friendly,,false,false,false,false,BRITISH_FRIENDLY
,a26Sl0000045YzdIAE,Assurant,,false,false,false,false,ASSURANT
,a26Sl000004Dld7IAC,SAUL,,false,false,false,false,SAUL
,a26Sl000004LuePIAS,Citco,,false,false,false,false,CITCO
,a26Sl000004M4fNIAS,Foresters Friendly Society,,false,false,false,false,FORESTERS_FRIENDLY_SOCIETY
,a26Sl000004VPxzIAG,Gallagher,,false,false,false,false,GALLAGHER
